order_id,gender_category,product_line,product_name,size,units_sold,mrp,discount_applied,revenue,order_date,sales_channel,region,profit,discount_rate,expected_revenue,revenue_gap,profit_margin,loss_flag,month,year,Size_Apparel,size_apparel
2000,Kids,Training,SuperRep Go,M,2.0,5280.57,0.47,0.0,2024-03-09,Online,bengaluru,-770.45,0.47,10561.14,10561.14,0.0,Loss,3,2024,M,M
2001,Women,Soccer,Tiempo Legend,M,3.0,4957.93,0.0,0.0,2024-07-09,Retail,Hyd,-112.53,0.0,14873.79,14873.79,0.0,Loss,7,2024,M,M
2014,Women,Running,React Infinity,11,2.0,6492.155000000001,0.0,0.0,2025-04-12,Online,Bangalore,-1044.4,0.0,12984.310000000001,12984.310000000001,0.0,Loss,4,2025,L,L
2026,Kids,Lifestyle,Blazer Mid,XL,1.0,6383.24,0.16,0.0,2024-08-10,Retail,Kolkata,2301.64,0.16,6383.24,6383.24,0.0,Profit,8,2024,XL,XL
2029,Men,Training,ZoomX Invincible,12,0.0,6897.68,0.0,0.0,2023-10-28,Online,Bangalore,-185.67,0.0,0.0,0.0,0.0,Loss,10,2023,XL,XL
2031,Men,Soccer,Premier III,,4.0,3493.04,0.82,2514.99,2024-05-09,Online,Delhi,350.7,0.82,13972.16,11457.17,0.13944389440912291,Profit,5,2024,XL,XL
2043,Men,Soccer,Premier III,XL,2.0,3492.89,0.77,0.0,2024-05-02,Retail,Delhi,3770.75,0.77,6985.78,6985.78,0.0,Profit,5,2024,XL,XL
2044,Kids,Training,SuperRep Go,,2.0,5280.57,0.0,0.0,2023-09-06,Online,Delhi,2174.71,0.0,10561.14,10561.14,0.0,Profit,9,2023,XL,XL
2045,Kids,Lifestyle,Dunk Low,XL,4.0,6202.99,0.0,0.0,2025-04-06,Retail,Delhi,1833.94,0.0,24811.96,24811.96,0.0,Profit,4,2025,XL,XL
2047,Women,Training,SuperRep Go,10,1.0,8577.75,0.0,0.0,2024-06-13,Retail,Bangalore,2888.68,0.0,8577.75,8577.75,0.0,Profit,6,2024,L,L
2051,Women,Basketball,Air Jordan,XL,2.0,6235.71,0.37,0.0,2024-01-05,Retail,Delhi,3135.98,0.37,12471.42,12471.42,0.0,Profit,1,2024,XL,XL
2052,Men,Training,Flex Trainer,10,3.0,9155.96,0.0,0.0,2024-10-08,Retail,Pune,2184.8,0.0,27467.879999999997,27467.879999999997,0.0,Profit,10,2024,L,L
2056,Men,Running,React Infinity,L,3.0,6492.155000000001,0.0,0.0,2024-05-31,Retail,Bangalore,-244.44,0.0,19476.465000000004,19476.465000000004,0.0,Loss,5,2024,L,L
2059,Kids,Soccer,Phantom GT,,-1.0,9507.54,0.0,0.0,2023-12-27,Retail,Delhi,291.28,0.0,-9507.54,-9507.54,0.0,Profit,12,2023,XL,XL
2060,Men,Lifestyle,Waffle One,L,2.0,7979.26,0.0,0.0,2024-07-11,Online,bengaluru,2821.59,0.0,15958.52,15958.52,0.0,Profit,7,2024,L,L
2065,Women,Lifestyle,Waffle One,10,2.0,5637.46,0.78,0.0,2024-02-11,Retail,Hyd,21.58,0.78,11274.92,11274.92,0.0,Profit,2,2024,L,L
2066,Men,Soccer,Phantom GT,XL,-1.0,5259.05,0.0,0.0,2024-12-10,Online,Mumbai,1022.82,0.0,-5259.05,-5259.05,0.0,Profit,12,2024,XL,XL
2069,Women,Training,SuperRep Go,,2.0,7502.24,0.0,0.0,2025-07-14,Online,Pune,3554.58,0.0,15004.48,15004.48,0.0,Profit,7,2025,XL,XL
2077,Men,Training,ZoomX Invincible,L,2.0,6897.68,0.0,0.0,2023-11-21,Online,Pune,3332.66,0.0,13795.36,13795.36,0.0,Profit,11,2023,L,L
2080,Men,Lifestyle,Blazer Mid,L,2.0,6383.24,0.0,0.0,2025-03-31,Online,Bangalore,-1005.89,0.0,12766.48,12766.48,0.0,Loss,3,2025,L,L
2028,Men,Running,Free RN,,-1.0,6293.58,0.21,0.0,2024-02-14,Online,Hyderabad,3303.01,0.21,-6293.58,-6293.58,0.0,Profit,2,2024,XL,XL
2084,Men,Training,Metcon 7,M,2.0,5890.69,0.0,0.0,2023-12-24,Online,Mumbai,408.39,0.0,11781.38,11781.38,0.0,Profit,12,2023,M,M
2086,Men,Soccer,Mercurial Superfly,L,0.0,6569.65,0.45,0.0,2024-10-11,Online,Kolkata,1742.66,0.45,0.0,0.0,0.0,Profit,10,2024,L,L
2098,Men,Training,ZoomX Invincible,L,2.0,5690.69,0.69,0.0,2024-01-24,Online,hyderbad,98.3,0.69,11381.38,11381.38,0.0,Profit,1,2024,L,L
2100,Kids,Soccer,Phantom GT,8,1.0,5937.52,0.0,0.0,2025-07-11,Retail,Mumbai,2287.57,0.0,5937.52,5937.52,0.0,Profit,7,2025,M,M
2110,Kids,Running,Air Zoom,12,1.0,5550.99,0.42,0.0,2024-12-25,Retail,Pune,-259.29,0.42,5550.99,5550.99,0.0,Loss,12,2024,XL,XL
2113,Women,Basketball,Air Jordan,XL,2.0,3939.34,0.0,0.0,2023-12-19,Retail,Pune,2918.93,0.0,7878.68,7878.68,0.0,Profit,12,2023,XL,XL
2117,Women,Training,SuperRep Go,L,0.0,7645.96,0.0,0.0,2024-10-30,Online,Pune,2037.43,0.0,0.0,0.0,0.0,Profit,10,2024,L,L
2118,Kids,Basketball,Zoom Freak,XL,2.0,8426.54,0.0,0.0,2023-09-21,Online,hyderbad,2696.85,0.0,16853.08,16853.08,0.0,Profit,9,2023,XL,XL
2000,Kids,Running,React Infinity,M,-1.0,6492.155000000001,0.0,0.0,2023-11-20,Retail,Kolkata,929.75,0.0,-6492.155000000001,-6492.155000000001,0.0,Profit,11,2023,M,M
2127,Men,Training,Metcon 7,L,-1.0,4020.5,0.0,0.0,2023-08-19,Online,Mumbai,3718.37,0.0,-4020.5,-4020.5,0.0,Profit,8,2023,L,L
2135,Men,Basketball,Zoom Freak,L,2.0,9106.61,0.74,4735.44,2024-11-03,Retail,hyderbad,2422.38,0.74,18213.22,13477.780000000002,0.5115427499873296,Profit,11,2024,L,L
2136,Kids,Training,ZoomX Invincible,L,1.0,6897.68,0.0,0.0,2024-09-15,Online,Pune,3672.24,0.0,6897.68,6897.68,0.0,Profit,9,2024,L,L
2141,Kids,Soccer,Tiempo Legend,,2.0,6045.785,1.1,0.0,2023-11-22,Retail,Kolkata,-1032.47,1.1,12091.57,12091.57,0.0,Loss,11,2023,XL,XL
2142,Kids,Soccer,Mercurial Superfly,,2.0,6569.65,0.0,0.0,2024-10-03,Retail,Kolkata,-995.59,0.0,13139.3,13139.3,0.0,Loss,10,2024,XL,XL
2147,Women,Soccer,Phantom GT,XL,-1.0,6320.59,0.0,0.0,2024-09-14,Online,Hyderabad,-426.53,0.0,-6320.59,-6320.59,0.0,Loss,9,2024,XL,XL
2151,Kids,Soccer,Tiempo Legend,L,4.0,5619.75,0.0,0.0,2025-05-27,Online,bengaluru,2000.85,0.0,22479.0,22479.0,0.0,Profit,5,2025,L,L
2154,Kids,Lifestyle,Blazer Mid,XL,2.0,2963.16,0.0,0.0,2025-04-01,Online,Bangalore,2381.85,0.0,5926.32,5926.32,0.0,Profit,4,2025,XL,XL
2160,Kids,Running,Air Zoom,XL,2.0,5550.99,0.0,0.0,2025-03-01,Retail,Mumbai,3744.91,0.0,11101.98,11101.98,0.0,Profit,3,2025,XL,XL
2168,Women,Running,Pegasus Turbo,,2.0,5644.675,0.85,0.0,2024-08-01,Retail,Kolkata,3011.49,0.85,11289.35,11289.35,0.0,Profit,8,2024,XL,XL
2022,Women,Lifestyle,Air Force 1,L,2.0,9378.52,1.06,0.0,2023-10-29,Retail,Mumbai,128.92,1.06,18757.04,18757.04,0.0,Profit,10,2023,L,L
2177,Women,Lifestyle,Waffle One,XL,2.0,5637.46,0.0,0.0,2025-06-27,Retail,Mumbai,885.37,0.0,11274.92,11274.92,0.0,Profit,6,2025,XL,XL
2179,Women,Training,ZoomX Invincible,M,3.0,6897.68,0.0,0.0,2024-01-26,Retail,Pune,3135.92,0.0,20693.04,20693.04,0.0,Profit,1,2024,M,M
2180,Women,Basketball,LeBron 20,XL,2.0,6431.1900000000005,0.0,0.0,2024-05-15,Online,Pune,2189.84,0.0,12862.380000000001,12862.380000000001,0.0,Profit,5,2024,XL,XL
2192,Men,Basketball,Kyrie Flytrap,XL,-1.0,5066.14,0.0,0.0,2023-10-13,Retail,Delhi,554.91,0.0,-5066.14,-5066.14,0.0,Profit,10,2023,XL,XL
2193,Women,Lifestyle,Waffle One,XL,-1.0,5637.46,1.24,0.0,2025-01-17,Retail,Delhi,1803.66,1.24,-5637.46,-5637.46,0.0,Profit,1,2025,XL,XL
2196,Kids,Soccer,Premier III,L,2.0,2708.73,0.0,0.0,2025-06-30,Online,Delhi,925.63,0.0,5417.46,5417.46,0.0,Profit,6,2025,L,L
2197,Kids,Training,ZoomX Invincible,L,3.0,6897.68,0.0,0.0,2024-10-06,Online,bengaluru,-418.5,0.0,20693.04,20693.04,0.0,Loss,10,2024,L,L
2201,Women,Training,SuperRep Go,11,2.0,5280.57,0.0,0.0,2024-05-10,Online,Mumbai,1403.56,0.0,10561.14,10561.14,0.0,Profit,5,2024,L,L
2000,Kids,Training,Metcon 7,,4.0,5890.69,0.94,0.0,2024-02-27,Retail,bengaluru,2372.82,0.94,23562.76,23562.76,0.0,Profit,2,2024,XL,XL
2221,Kids,Lifestyle,Waffle One,L,2.0,3375.97,0.0,0.0,2024-01-06,Retail,Mumbai,-297.05,0.0,6751.94,6751.94,0.0,Loss,1,2024,L,L
2222,Men,Training,ZoomX Invincible,XL,2.0,8897.19,0.11,15837.0,2024-12-21,Retail,Mumbai,2821.69,0.11,17794.38,1957.380000000001,0.1781707394077161,Profit,12,2024,XL,XL
2223,Kids,Training,Flex Trainer,M,-1.0,9180.15,0.0,0.0,2025-02-15,Online,Kolkata,799.28,0.0,-9180.15,-9180.15,0.0,Profit,2,2025,M,M
2231,Kids,Training,Flex Trainer,9,0.0,6383.55,1.05,0.0,2025-01-04,Online,bengaluru,-39.48,1.05,0.0,0.0,0.0,Loss,1,2025,M,M
2234,Men,Training,Flex Trainer,,4.0,6189.1,1.12,-2970.77,2024-12-21,Retail,bengaluru,2085.62,1.12,24756.4,27727.170000000002,-0.7020469440582744,Profit,12,2024,XL,XL
2248,Men,Training,Metcon 7,M,4.0,8249.96,0.24,25079.88,2024-01-16,Online,bengaluru,1625.14,0.24,32999.84,7919.9599999999955,0.06479855565497124,Profit,1,2024,M,M
2249,Men,Training,Flex Trainer,M,2.0,7730.77,0.0,0.0,2024-05-28,Online,Delhi,-692.94,0.0,15461.54,15461.54,0.0,Loss,5,2024,M,M
2250,Men,Basketball,Kyrie Flytrap,XL,2.0,5066.14,0.0,0.0,2024-10-01,Retail,Pune,821.13,0.0,10132.28,10132.28,0.0,Profit,10,2024,XL,XL
2258,Women,Lifestyle,Dunk Low,L,2.0,6202.99,0.39,0.0,2023-11-21,Online,Mumbai,2824.7,0.39,12405.98,12405.98,0.0,Profit,11,2023,L,L
2262,Women,Running,Pegasus Turbo,L,0.0,5644.675,0.0,0.0,2024-09-15,Retail,Pune,3146.93,0.0,0.0,0.0,0.0,Profit,9,2024,L,L
2264,Men,Training,ZoomX Invincible,,4.0,5622.32,1.08,-1799.14,2024-04-22,Retail,bengaluru,1248.25,1.08,22489.28,24288.42,-0.6938037062151917,Profit,4,2024,XL,XL
2267,Women,Running,Air Zoom,M,-1.0,3075.72,0.0,0.0,2024-12-20,Retail,Kolkata,238.78,0.0,-3075.72,-3075.72,0.0,Profit,12,2024,M,M
2268,Men,Soccer,Mercurial Superfly,M,3.0,7330.81,0.0,0.0,2023-11-16,Online,Kolkata,518.71,0.0,21992.43,21992.43,0.0,Profit,11,2023,M,M
2269,Women,Training,ZoomX Invincible,11,4.0,6424.32,0.0,0.0,2024-07-14,Retail,Mumbai,-405.26,0.0,25697.28,25697.28,0.0,Loss,7,2024,L,L
2271,Kids,Lifestyle,Waffle One,9,2.0,5116.58,0.07,0.0,2024-05-03,Retail,Delhi,1293.94,0.07,10233.16,10233.16,0.0,Profit,5,2024,M,M
2273,Kids,Running,Free RN,M,-1.0,4004.36,0.0,0.0,2024-01-30,Online,Kolkata,-614.66,0.0,-4004.36,-4004.36,0.0,Loss,1,2024,M,M
2276,Kids,Lifestyle,Air Force 1,L,-1.0,6066.5,0.0,0.0,2023-08-29,Retail,Kolkata,1181.87,0.0,-6066.5,-6066.5,0.0,Profit,8,2023,L,L
2279,Women,Lifestyle,Blazer Mid,6,2.0,6383.24,0.0,0.0,2024-08-03,Retail,Mumbai,766.72,0.0,12766.48,12766.48,0.0,Profit,8,2024,S,S
2281,Kids,Lifestyle,Waffle One,M,2.0,5637.46,0.0,0.0,2025-07-13,Retail,Kolkata,1753.48,0.0,11274.92,11274.92,0.0,Profit,7,2025,M,M
2286,Women,Lifestyle,Waffle One,,2.0,5637.46,0.0,0.0,2024-10-16,Online,Bangalore,2419.09,0.0,11274.92,11274.92,0.0,Profit,10,2024,XL,XL
2317,Men,Training,Flex Trainer,M,2.0,9695.44,1.06,0.0,2024-09-13,Online,Kolkata,32.45,1.06,19390.88,19390.88,0.0,Profit,9,2024,M,M
2321,Men,Lifestyle,Dunk Low,8,2.0,6202.99,0.0,0.0,2024-06-10,Online,Mumbai,-362.47,0.0,12405.98,12405.98,0.0,Loss,6,2024,M,M
2332,Kids,Training,Flex Trainer,,-1.0,6383.55,0.22,0.0,2024-07-15,Retail,Pune,2914.06,0.22,-6383.55,-6383.55,0.0,Profit,7,2024,XL,XL
2334,Women,Training,SuperRep Go,L,4.0,5280.57,0.82,0.0,2024-06-06,Retail,Mumbai,-80.25,0.82,21122.28,21122.28,0.0,Loss,6,2024,L,L
2335,Women,Running,Free RN,XL,0.0,5620.64,0.0,0.0,2024-01-05,Online,Mumbai,217.22,0.0,0.0,0.0,0.0,Profit,1,2024,XL,XL
2336,Kids,Soccer,Mercurial Superfly,8,4.0,8482.43,0.0,0.0,2023-10-22,Online,Pune,3854.71,0.0,33929.72,33929.72,0.0,Profit,10,2023,M,M
2342,Women,Training,Metcon 7,XL,2.0,5890.69,0.0,0.0,2024-08-19,Retail,Kolkata,3463.09,0.0,11781.38,11781.38,0.0,Profit,8,2024,XL,XL
2348,Kids,Training,Metcon 7,XL,2.0,6591.41,0.0,0.0,2025-04-29,Retail,Delhi,2604.68,0.0,13182.82,13182.82,0.0,Profit,4,2025,XL,XL
2349,Kids,Soccer,Tiempo Legend,10,3.0,6045.785,0.0,0.0,2023-10-25,Online,Delhi,-902.62,0.0,18137.355,18137.355,0.0,Loss,10,2023,L,L
2353,Kids,Training,ZoomX Invincible,9,0.0,6897.68,0.22,0.0,2024-10-03,Retail,Bangalore,818.35,0.22,0.0,0.0,0.0,Profit,10,2024,M,M
2368,Women,Lifestyle,Waffle One,L,2.0,5582.98,0.0,0.0,2023-08-04,Retail,Delhi,2369.28,0.0,11165.96,11165.96,0.0,Profit,8,2023,L,L
2372,Men,Running,Free RN,,2.0,7624.86,0.0,0.0,2025-05-23,Online,Kolkata,3365.96,0.0,15249.72,15249.72,0.0,Profit,5,2025,XL,XL
2006,Women,Basketball,Zoom Freak,L,-1.0,8799.22,0.0,0.0,2023-08-13,Retail,Bangalore,-1109.57,0.0,-8799.22,-8799.22,0.0,Loss,8,2023,L,L
2379,Men,Lifestyle,Air Force 1,L,4.0,6323.09,0.0,0.0,2024-04-09,Online,Mumbai,3289.77,0.0,25292.36,25292.36,0.0,Profit,4,2024,L,L
2382,Men,Lifestyle,Waffle One,L,4.0,5637.46,0.0,0.0,2024-03-09,Retail,Mumbai,787.42,0.0,22549.84,22549.84,0.0,Profit,3,2024,L,L
2394,Kids,Lifestyle,Air Force 1,XL,2.0,6323.09,0.2,0.0,2023-08-18,Online,Delhi,-133.03,0.2,12646.18,12646.18,0.0,Loss,8,2023,XL,XL
2397,Men,Soccer,Phantom GT,XL,2.0,6320.59,0.0,0.0,2023-12-27,Retail,Mumbai,3996.96,0.0,12641.18,12641.18,0.0,Profit,12,2023,XL,XL
2399,Women,Running,Air Zoom,L,-1.0,6188.29,0.0,0.0,2024-08-07,Retail,Pune,515.6,0.0,-6188.29,-6188.29,0.0,Profit,8,2024,L,L
2025,Kids,Training,ZoomX Invincible,XL,4.0,6743.07,0.0,0.0,2024-10-09,Online,Pune,-277.41,0.0,26972.28,26972.28,0.0,Loss,10,2024,XL,XL
2402,Kids,Running,React Infinity,,2.0,6437.85,0.0,0.0,2025-03-09,Online,Mumbai,1231.3,0.0,12875.7,12875.7,0.0,Profit,3,2025,XL,XL
2404,Men,Lifestyle,Blazer Mid,XL,2.0,6383.24,0.09,0.0,2024-01-25,Online,Pune,-501.36,0.09,12766.48,12766.48,0.0,Loss,1,2024,XL,XL
2405,Men,Basketball,Kyrie Flytrap,6,1.0,5066.14,0.0,0.0,2024-11-17,Online,Kolkata,69.95,0.0,5066.14,5066.14,0.0,Profit,11,2024,S,S
2406,Men,Training,Metcon 7,L,4.0,6458.72,0.0,0.0,2023-09-17,Online,Mumbai,402.0,0.0,25834.88,25834.88,0.0,Profit,9,2023,L,L
2407,Kids,Running,Free RN,6,2.0,9193.15,0.0,0.0,2023-12-30,Online,Kolkata,521.77,0.0,18386.3,18386.3,0.0,Profit,12,2023,S,S
2414,Women,Basketball,Air Jordan,XL,2.0,8141.8,0.0,0.0,2024-01-25,Online,Hyd,-829.35,0.0,16283.6,16283.6,0.0,Loss,1,2024,XL,XL
2418,Men,Soccer,Phantom GT,XL,2.0,9288.75,0.54,0.0,2025-04-29,Retail,Mumbai,3110.43,0.54,18577.5,18577.5,0.0,Profit,4,2025,XL,XL
2419,Men,Lifestyle,Dunk Low,L,2.0,8738.99,0.47,0.0,2024-07-14,Online,Hyderabad,2868.49,0.47,17477.98,17477.98,0.0,Profit,7,2024,L,L
2420,Kids,Basketball,Zoom Freak,9,2.0,6435.66,1.02,0.0,2024-04-11,Online,hyderbad,1664.6,1.02,12871.32,12871.32,0.0,Profit,4,2024,M,M
2421,Women,Running,React Infinity,M,2.0,8136.39,0.0,0.0,2025-03-10,Retail,Pune,3398.15,0.0,16272.78,16272.78,0.0,Profit,3,2025,M,M
2025,Kids,Training,Flex Trainer,11,2.0,4554.97,0.0,0.0,2025-03-05,Retail,hyderbad,2802.1,0.0,9109.94,9109.94,0.0,Profit,3,2025,L,L
2427,Men,Running,Pegasus Turbo,7,2.0,2904.11,0.0,0.0,2025-06-13,Online,Delhi,1683.98,0.0,5808.22,5808.22,0.0,Profit,6,2025,S,S
2432,Women,Basketball,Zoom Freak,L,1.0,3036.61,0.86,425.13,2024-10-26,Online,Mumbai,3754.3,0.86,3036.61,2611.48,8.830945828334864,Profit,10,2024,L,L
2435,Kids,Lifestyle,Waffle One,XL,2.0,5853.58,0.0,0.0,2024-04-01,Retail,Kolkata,2378.82,0.0,11707.16,11707.16,0.0,Profit,4,2024,XL,XL
2438,Men,Training,Metcon 7,8,2.0,5890.69,0.0,0.0,2024-11-24,Retail,Mumbai,2965.39,0.0,11781.38,11781.38,0.0,Profit,11,2024,M,M
2444,Women,Lifestyle,Blazer Mid,XL,3.0,3676.04,0.0,0.0,2025-05-25,Retail,Pune,1621.74,0.0,11028.119999999999,11028.119999999999,0.0,Profit,5,2025,XL,XL
2447,Kids,Lifestyle,Waffle One,XL,2.0,5637.46,0.0,0.0,2024-05-04,Online,Kolkata,1291.8,0.0,11274.92,11274.92,0.0,Profit,5,2024,XL,XL
2003,Women,Lifestyle,Waffle One,XL,2.0,8516.45,0.22,13285.66,2023-09-30,Online,Kolkata,1764.52,0.22,17032.9,3747.2400000000016,0.13281387601368694,Profit,9,2023,XL,XL
2451,Kids,Soccer,Premier III,,2.0,5773.245,0.54,0.0,2023-11-04,Online,Mumbai,2233.57,0.54,11546.49,11546.49,0.0,Profit,11,2023,XL,XL
2456,Women,Soccer,Premier III,M,0.0,4254.68,0.0,0.0,2025-03-15,Retail,Kolkata,3498.64,0.0,0.0,0.0,0.0,Profit,3,2025,M,M
2458,Kids,Soccer,Phantom GT,,2.0,6320.59,0.0,0.0,2023-12-20,Retail,Pune,573.21,0.0,12641.18,12641.18,0.0,Profit,12,2023,XL,XL
2459,Kids,Basketball,Air Jordan,M,2.0,3572.52,0.0,0.0,2024-04-20,Retail,Kolkata,-404.04,0.0,7145.04,7145.04,0.0,Loss,4,2024,M,M
2460,Women,Basketball,Zoom Freak,XL,2.0,5482.96,0.35,7127.85,2024-11-04,Online,Kolkata,-823.8,0.35,10965.92,3838.0699999999997,-0.11557482270249794,Loss,11,2024,XL,XL
2462,Men,Basketball,Zoom Freak,8,2.0,4468.7,0.49,0.0,2025-01-23,Retail,Pune,2143.6,0.49,8937.4,8937.4,0.0,Profit,1,2025,M,M
2464,Women,Lifestyle,Blazer Mid,XL,3.0,2699.59,0.0,0.0,2024-06-30,Retail,Hyderabad,3507.56,0.0,8098.77,8098.77,0.0,Profit,6,2024,XL,XL
2467,Kids,Training,SuperRep Go,M,1.0,8484.82,0.0,0.0,2023-11-05,Online,Mumbai,1899.54,0.0,8484.82,8484.82,0.0,Profit,11,2023,M,M
2469,Men,Training,Metcon 7,XL,4.0,5890.69,1.08,0.0,2025-05-21,Retail,Mumbai,-279.26,1.08,23562.76,23562.76,0.0,Loss,5,2025,XL,XL
2475,Men,Running,Free RN,L,2.0,6293.58,1.06,0.0,2025-01-07,Online,bengaluru,3885.97,1.06,12587.16,12587.16,0.0,Profit,1,2025,L,L
2487,Men,Running,Air Zoom,L,3.0,5881.13,0.8,3528.68,2025-03-31,Online,hyderbad,2108.4,0.8,17643.39,14114.71,0.5975038824716326,Profit,3,2025,L,L
2497,Kids,Basketball,Air Jordan,XL,1.0,6235.71,0.0,0.0,2023-11-29,Online,Mumbai,2592.98,0.0,6235.71,6235.71,0.0,Profit,11,2023,XL,XL
2499,Women,Soccer,Premier III,L,2.0,8347.87,0.0,0.0,2024-06-07,Retail,hyderbad,1488.3,0.0,16695.74,16695.74,0.0,Profit,6,2024,L,L
2502,Women,Basketball,Kyrie Flytrap,M,0.0,5066.14,0.0,0.0,2023-09-10,Retail,Mumbai,2412.82,0.0,0.0,0.0,0.0,Profit,9,2023,M,M
2507,Men,Soccer,Phantom GT,L,2.0,6320.59,0.0,0.0,2024-03-13,Retail,hyderbad,2116.53,0.0,12641.18,12641.18,0.0,Profit,3,2024,L,L
2516,Kids,Running,React Infinity,,2.0,6492.155000000001,0.0,0.0,2024-01-21,Online,Pune,157.65,0.0,12984.310000000001,12984.310000000001,0.0,Profit,1,2024,XL,XL
2518,Women,Basketball,Air Jordan,L,2.0,6235.71,1.03,0.0,2024-07-03,Retail,Delhi,-703.61,1.03,12471.42,12471.42,0.0,Loss,7,2024,L,L
2519,Women,Running,React Infinity,L,2.0,9701.72,0.0,0.0,2024-11-10,Online,Hyd,-835.82,0.0,19403.44,19403.44,0.0,Loss,11,2024,L,L
2522,Men,Running,Pegasus Turbo,XL,4.0,6243.91,0.0,0.0,2024-02-13,Retail,Kolkata,-199.13,0.0,24975.64,24975.64,0.0,Loss,2,2024,XL,XL
2525,Women,Training,Metcon 7,XL,2.0,5890.69,0.0,0.0,2025-02-18,Retail,Kolkata,3453.18,0.0,11781.38,11781.38,0.0,Profit,2,2025,XL,XL
2526,Kids,Lifestyle,Waffle One,10,1.0,5637.46,0.0,0.0,2024-08-01,Retail,Hyderabad,3188.07,0.0,5637.46,5637.46,0.0,Profit,8,2024,L,L
2527,Men,Lifestyle,Air Force 1,XL,2.0,7408.91,0.0,0.0,2024-03-18,Online,Delhi,-138.78,0.0,14817.82,14817.82,0.0,Loss,3,2024,XL,XL
2533,Women,Training,Flex Trainer,L,2.0,6383.55,1.02,0.0,2024-01-31,Online,Mumbai,2155.46,1.02,12767.1,12767.1,0.0,Profit,1,2024,L,L
2540,Women,Lifestyle,Air Force 1,L,2.0,8794.64,0.0,0.0,2025-01-09,Online,Mumbai,-938.07,0.0,17589.28,17589.28,0.0,Loss,1,2025,L,L
2550,Men,Soccer,Premier III,XL,1.0,6121.21,0.05,5815.15,2023-09-08,Online,Kolkata,2470.08,0.05,6121.21,306.0600000000004,0.4247663430865928,Profit,9,2023,XL,XL
2553,Kids,Basketball,Kyrie Flytrap,,2.0,6708.16,0.0,0.0,2025-02-24,Online,Delhi,-739.72,0.0,13416.32,13416.32,0.0,Loss,2,2025,XL,XL
2561,Women,Soccer,Tiempo Legend,XL,2.0,3642.21,0.0,0.0,2024-03-25,Online,bengaluru,3900.7,0.0,7284.42,7284.42,0.0,Profit,3,2024,XL,XL
2562,Kids,Training,ZoomX Invincible,L,1.0,6897.68,0.0,0.0,2024-12-21,Retail,Mumbai,-79.1,0.0,6897.68,6897.68,0.0,Loss,12,2024,L,L
2563,Men,Soccer,Mercurial Superfly,M,2.0,9443.35,0.54,8687.88,2025-04-13,Retail,Kolkata,2706.61,0.54,18886.7,10198.820000000002,0.3115386032035434,Profit,4,2025,M,M
2564,Women,Basketball,LeBron 20,M,2.0,6431.1900000000005,0.72,0.0,2023-08-07,Online,Delhi,1279.03,0.72,12862.380000000001,12862.380000000001,0.0,Profit,8,2023,M,M
2565,Women,Lifestyle,Dunk Low,XL,4.0,3028.41,0.0,0.0,2024-09-18,Online,Mumbai,1754.48,0.0,12113.64,12113.64,0.0,Profit,9,2024,XL,XL
2571,Kids,Soccer,Phantom GT,6,2.0,4728.95,0.0,0.0,2023-11-28,Retail,Mumbai,276.98,0.0,9457.9,9457.9,0.0,Profit,11,2023,S,S
2572,Men,Lifestyle,Waffle One,XL,-1.0,2729.99,0.76,-655.2,2024-01-31,Retail,Pune,1204.81,0.76,-2729.99,-2074.79,-1.838843101343101,Profit,1,2024,XL,XL
2577,Women,Running,Air Zoom,L,-1.0,5545.52,0.0,0.0,2023-11-16,Retail,Mumbai,1185.56,0.0,-5545.52,-5545.52,0.0,Profit,11,2023,L,L
2589,Men,Training,Metcon 7,M,3.0,5890.69,0.0,0.0,2024-09-17,Online,Kolkata,1429.18,0.0,17672.07,17672.07,0.0,Profit,9,2024,M,M
2594,Women,Training,ZoomX Invincible,XL,3.0,7944.34,0.67,7864.9,2024-02-23,Retail,hyderbad,1534.91,0.67,23833.02,15968.12,0.19515950616028177,Profit,2,2024,XL,XL
2595,Men,Basketball,LeBron 20,XL,0.0,6431.1900000000005,0.0,0.0,2024-02-23,Retail,Delhi,420.27,0.0,0.0,0.0,0.0,Profit,2,2024,XL,XL
2603,Women,Running,Air Zoom,L,0.0,5550.99,0.0,0.0,2025-03-18,Online,Hyd,-144.08,0.0,0.0,0.0,0.0,Loss,3,2025,L,L
2047,Men,Soccer,Phantom GT,,4.0,6136.45,0.0,0.0,2024-12-17,Online,Kolkata,2790.51,0.0,24545.8,24545.8,0.0,Profit,12,2024,XL,XL
2605,Kids,Lifestyle,Dunk Low,,-1.0,7206.45,0.0,0.0,2025-02-01,Online,bengaluru,-228.84,0.0,-7206.45,-7206.45,0.0,Loss,2,2025,XL,XL
2607,Women,Basketball,LeBron 20,,2.0,6431.1900000000005,0.0,0.0,2023-08-31,Online,Kolkata,3522.02,0.0,12862.380000000001,12862.380000000001,0.0,Profit,8,2023,XL,XL
2610,Women,Lifestyle,Blazer Mid,M,2.0,8359.07,0.0,0.0,2025-05-06,Online,Bangalore,167.72,0.0,16718.14,16718.14,0.0,Profit,5,2025,M,M
2612,Women,Training,Flex Trainer,M,0.0,6383.55,0.0,0.0,2023-08-10,Retail,Mumbai,507.1,0.0,0.0,0.0,0.0,Profit,8,2023,M,M
2616,Men,Lifestyle,Waffle One,XL,2.0,5637.46,0.2,0.0,2024-06-07,Online,Kolkata,2788.41,0.2,11274.92,11274.92,0.0,Profit,6,2024,XL,XL
2619,Kids,Lifestyle,Waffle One,L,4.0,5637.46,0.65,0.0,2024-01-22,Online,Hyd,-300.28,0.65,22549.84,22549.84,0.0,Loss,1,2024,L,L
2621,Kids,Soccer,Phantom GT,L,3.0,6466.57,0.59,7953.88,2024-05-19,Online,Bangalore,-1152.86,0.59,19399.71,11445.829999999998,-0.14494309695393945,Loss,5,2024,L,L
2625,Kids,Training,Flex Trainer,M,-1.0,6815.44,0.0,0.0,2025-02-05,Online,Pune,3874.57,0.0,-6815.44,-6815.44,0.0,Profit,2,2025,M,M
2627,Women,Basketball,LeBron 20,7,2.0,6431.1900000000005,0.0,0.0,2023-12-31,Online,Delhi,282.13,0.0,12862.380000000001,12862.380000000001,0.0,Profit,12,2023,S,S
2632,Men,Running,Pegasus Turbo,L,-1.0,7504.2,0.99,-75.04,2024-03-10,Online,Pune,2413.42,0.99,-7504.2,-7429.16,-32.16178038379531,Profit,3,2024,L,L
2635,Women,Running,React Infinity,M,2.0,3934.22,0.0,0.0,2024-02-28,Online,Kolkata,430.63,0.0,7868.44,7868.44,0.0,Profit,2,2024,M,M
2638,Men,Soccer,Premier III,8,1.0,5028.99,0.0,0.0,2024-01-22,Online,Pune,654.11,0.0,5028.99,5028.99,0.0,Profit,1,2024,M,M
2639,Men,Lifestyle,Blazer Mid,XL,2.0,2597.93,0.0,0.0,2025-06-25,Retail,Pune,374.95,0.0,5195.86,5195.86,0.0,Profit,6,2025,XL,XL
2648,Men,Running,React Infinity,L,2.0,3477.49,0.54,0.0,2025-03-06,Retail,Delhi,3487.39,0.54,6954.98,6954.98,0.0,Profit,3,2025,L,L
2650,Men,Lifestyle,Blazer Mid,,2.0,6383.24,0.0,0.0,2023-08-14,Retail,Bangalore,3703.68,0.0,12766.48,12766.48,0.0,Profit,8,2023,XL,XL
2651,Kids,Basketball,Air Jordan,L,1.0,6235.71,0.0,0.0,2024-10-27,Online,Kolkata,-819.33,0.0,6235.71,6235.71,0.0,Loss,10,2024,L,L
2654,Kids,Soccer,Tiempo Legend,M,2.0,6045.785,0.0,0.0,2024-07-21,Online,Bangalore,2933.02,0.0,12091.57,12091.57,0.0,Profit,7,2024,M,M
2658,Women,Lifestyle,Dunk Low,L,1.0,6202.99,0.0,0.0,2025-04-26,Online,Delhi,155.53,0.0,6202.99,6202.99,0.0,Profit,4,2025,L,L
2027,Men,Soccer,Premier III,12,4.0,7204.01,0.0,0.0,2025-06-15,Retail,Delhi,3951.42,0.0,28816.04,28816.04,0.0,Profit,6,2025,XL,XL
2679,Men,Training,Flex Trainer,M,2.0,2758.08,0.04,0.0,2024-07-05,Online,Bangalore,2447.58,0.04,5516.16,5516.16,0.0,Profit,7,2024,M,M
2031,Women,Soccer,Phantom GT,L,2.0,6320.59,0.0,0.0,2024-07-12,Online,Mumbai,3119.37,0.0,12641.18,12641.18,0.0,Profit,7,2024,L,L
2692,Women,Training,Metcon 7,XL,2.0,5890.69,0.47,0.0,2024-06-02,Online,Bangalore,2528.27,0.47,11781.38,11781.38,0.0,Profit,6,2024,XL,XL
2703,Kids,Running,Pegasus Turbo,L,2.0,5214.32,0.0,0.0,2025-06-24,Online,Kolkata,-637.13,0.0,10428.64,10428.64,0.0,Loss,6,2025,L,L
2705,Men,Running,Pegasus Turbo,,2.0,5644.675,0.0,0.0,2024-01-07,Retail,Pune,-37.88,0.0,11289.35,11289.35,0.0,Loss,1,2024,XL,XL
2715,Kids,Basketball,LeBron 20,L,0.0,6431.1900000000005,1.07,0.0,2025-06-13,Online,Kolkata,-1164.37,1.07,0.0,0.0,0.0,Loss,6,2025,L,L
2719,Women,Training,Metcon 7,,2.0,4819.76,0.0,0.0,2024-03-22,Retail,Kolkata,2066.12,0.0,9639.52,9639.52,0.0,Profit,3,2024,XL,XL
2721,Kids,Training,Flex Trainer,L,0.0,6383.55,0.0,0.0,2023-11-11,Online,Bangalore,1275.23,0.0,0.0,0.0,0.0,Profit,11,2023,L,L
2724,Women,Training,Flex Trainer,L,2.0,8007.22,0.0,0.0,2025-01-16,Online,Delhi,1190.2,0.0,16014.44,16014.44,0.0,Profit,1,2025,L,L
2732,Women,Training,SuperRep Go,M,0.0,3402.8,0.0,0.0,2025-03-01,Online,Hyderabad,1045.5,0.0,0.0,0.0,0.0,Profit,3,2025,M,M
2733,Women,Running,Free RN,L,2.0,6743.38,0.0,0.0,2024-11-22,Online,Pune,1908.63,0.0,13486.76,13486.76,0.0,Profit,11,2024,L,L
2736,Men,Soccer,Tiempo Legend,,2.0,6045.785,0.49,0.0,2025-02-22,Retail,Delhi,3042.49,0.49,12091.57,12091.57,0.0,Profit,2,2025,XL,XL
2738,Women,Training,ZoomX Invincible,M,3.0,6897.68,0.39,0.0,2025-05-11,Retail,Pune,-712.53,0.39,20693.04,20693.04,0.0,Loss,5,2025,M,M
2741,Women,Training,SuperRep Go,L,2.0,5241.9,0.0,0.0,2025-01-15,Online,Hyderabad,-295.49,0.0,10483.8,10483.8,0.0,Loss,1,2025,L,L
2754,Kids,Training,ZoomX Invincible,XL,1.0,6897.68,0.0,0.0,2025-01-03,Online,Kolkata,3565.12,0.0,6897.68,6897.68,0.0,Profit,1,2025,XL,XL
2756,Women,Lifestyle,Waffle One,,2.0,8510.85,1.11,0.0,2023-09-21,Retail,bengaluru,1491.91,1.11,17021.7,17021.7,0.0,Profit,9,2023,XL,XL
2759,Kids,Soccer,Premier III,,2.0,5773.245,0.0,0.0,2024-01-26,Retail,Delhi,1822.72,0.0,11546.49,11546.49,0.0,Profit,1,2024,XL,XL
2771,Men,Running,Pegasus Turbo,M,2.0,5222.92,0.0,0.0,2025-05-26,Online,Delhi,1804.67,0.0,10445.84,10445.84,0.0,Profit,5,2025,M,M
2776,Men,Training,Flex Trainer,L,2.0,6383.55,0.0,0.0,2025-03-17,Retail,Mumbai,1143.68,0.0,12767.1,12767.1,0.0,Profit,3,2025,L,L
2779,Kids,Basketball,Kyrie Flytrap,,2.0,5066.14,0.09,0.0,2024-12-06,Online,bengaluru,-187.36,0.09,10132.28,10132.28,0.0,Loss,12,2024,XL,XL
2781,Men,Training,Metcon 7,12,1.0,6546.59,0.68,2094.91,2023-09-03,Retail,Bangalore,1504.31,0.68,6546.59,4451.68,0.7180785809414247,Profit,9,2023,XL,XL
2788,Women,Soccer,Mercurial Superfly,M,2.0,7478.84,0.0,0.0,2024-01-04,Retail,Hyd,-18.4,0.0,14957.68,14957.68,0.0,Loss,1,2024,M,M
2789,Kids,Lifestyle,Dunk Low,M,2.0,6202.99,0.0,0.0,2024-01-15,Retail,Kolkata,1756.75,0.0,12405.98,12405.98,0.0,Profit,1,2024,M,M
2791,Kids,Training,Metcon 7,M,2.0,5890.69,0.0,0.0,2024-05-29,Retail,Delhi,1194.43,0.0,11781.38,11781.38,0.0,Profit,5,2024,M,M
2796,Men,Lifestyle,Dunk Low,12,-1.0,2849.49,0.0,0.0,2023-11-08,Retail,Mumbai,2597.58,0.0,-2849.49,-2849.49,0.0,Profit,11,2023,XL,XL
2797,Women,Lifestyle,Dunk Low,,2.0,2162.29,0.0,0.0,2025-03-30,Retail,Delhi,3158.47,0.0,4324.58,4324.58,0.0,Profit,3,2025,XL,XL
2801,Women,Running,React Infinity,8,2.0,6492.155000000001,0.0,0.0,2024-02-13,Retail,Mumbai,2966.12,0.0,12984.310000000001,12984.310000000001,0.0,Profit,2,2024,M,M
2802,Men,Running,Free RN,L,3.0,6293.58,0.0,0.0,2024-01-19,Online,Kolkata,-231.73,0.0,18880.739999999998,18880.739999999998,0.0,Loss,1,2024,L,L
2803,Women,Soccer,Mercurial Superfly,XL,0.0,6569.65,0.0,0.0,2023-11-02,Online,hyderbad,83.11,0.0,0.0,0.0,0.0,Profit,11,2023,XL,XL
2805,Women,Running,Pegasus Turbo,L,-1.0,5644.675,0.82,0.0,2023-08-28,Online,Pune,2037.76,0.82,-5644.675,-5644.675,0.0,Profit,8,2023,L,L
2806,Kids,Basketball,Kyrie Flytrap,7,3.0,4466.78,0.0,0.0,2024-02-10,Online,Bangalore,2407.08,0.0,13400.34,13400.34,0.0,Profit,2,2024,S,S
2819,Kids,Soccer,Premier III,9,2.0,7645.41,0.0,0.0,2025-01-20,Retail,bengaluru,593.62,0.0,15290.82,15290.82,0.0,Profit,1,2025,M,M
2829,Men,Basketball,LeBron 20,XL,2.0,6431.1900000000005,0.0,0.0,2024-07-17,Online,Kolkata,2539.92,0.0,12862.380000000001,12862.380000000001,0.0,Profit,7,2024,XL,XL
2832,Kids,Basketball,Kyrie Flytrap,,0.0,5066.14,0.15,0.0,2024-05-17,Retail,Hyd,752.0,0.15,0.0,0.0,0.0,Profit,5,2024,XL,XL
2834,Kids,Training,Flex Trainer,M,-1.0,9544.08,0.0,0.0,2024-09-05,Retail,Kolkata,575.58,0.0,-9544.08,-9544.08,0.0,Profit,9,2024,M,M
2835,Women,Lifestyle,Air Force 1,,2.0,9240.64,0.63,0.0,2024-10-07,Retail,Pune,1873.76,0.63,18481.28,18481.28,0.0,Profit,10,2024,XL,XL
2836,Men,Basketball,Kyrie Flytrap,L,0.0,9098.9,0.75,0.0,2025-07-22,Retail,Delhi,2729.87,0.75,0.0,0.0,0.0,Profit,7,2025,L,L
2050,Women,Lifestyle,Blazer Mid,L,-1.0,6383.24,0.0,0.0,2024-11-28,Online,Kolkata,3407.87,0.0,-6383.24,-6383.24,0.0,Profit,11,2024,L,L
2842,Women,Soccer,Phantom GT,M,-1.0,6320.59,0.0,0.0,2025-01-19,Online,Bangalore,-1193.98,0.0,-6320.59,-6320.59,0.0,Loss,1,2025,M,M
2845,Men,Training,ZoomX Invincible,,2.0,6897.68,0.0,0.0,2023-10-31,Retail,Pune,40.98,0.0,13795.36,13795.36,0.0,Profit,10,2023,XL,XL
2008,Men,Running,Air Zoom,XL,2.0,5550.99,0.0,0.0,2024-07-25,Retail,Mumbai,-639.42,0.0,11101.98,11101.98,0.0,Loss,7,2024,XL,XL
2850,Kids,Lifestyle,Waffle One,XL,2.0,5637.46,0.0,0.0,2024-11-10,Retail,Pune,458.86,0.0,11274.92,11274.92,0.0,Profit,11,2024,XL,XL
2851,Kids,Lifestyle,Blazer Mid,XL,2.0,2241.11,0.0,0.0,2024-12-28,Online,Mumbai,1243.95,0.0,4482.22,4482.22,0.0,Profit,12,2024,XL,XL
2854,Women,Basketball,LeBron 20,,-1.0,6431.1900000000005,0.98,0.0,2023-11-07,Online,Pune,1103.35,0.98,-6431.1900000000005,-6431.1900000000005,0.0,Profit,11,2023,XL,XL
2856,Kids,Basketball,Kyrie Flytrap,M,2.0,5066.14,1.14,0.0,2023-10-12,Online,Kolkata,3137.85,1.14,10132.28,10132.28,0.0,Profit,10,2023,M,M
2863,Women,Training,Metcon 7,6,2.0,8609.77,0.0,0.0,2024-11-23,Retail,Pune,-711.07,0.0,17219.54,17219.54,0.0,Loss,11,2024,S,S
2867,Men,Soccer,Mercurial Superfly,11,1.0,9936.58,0.0,0.0,2025-02-20,Online,Hyd,3190.43,0.0,9936.58,9936.58,0.0,Profit,2,2025,L,L
2872,Men,Basketball,Kyrie Flytrap,M,2.0,3953.13,0.0,0.0,2024-01-08,Online,Kolkata,3414.32,0.0,7906.26,7906.26,0.0,Profit,1,2024,M,M
2874,Women,Soccer,Mercurial Superfly,L,2.0,6569.65,0.01,0.0,2024-03-04,Retail,Delhi,-109.71,0.01,13139.3,13139.3,0.0,Loss,3,2024,L,L
2877,Women,Basketball,Kyrie Flytrap,,2.0,5066.14,0.0,0.0,2024-12-08,Retail,Kolkata,3327.04,0.0,10132.28,10132.28,0.0,Profit,12,2024,XL,XL
2887,Women,Lifestyle,Waffle One,L,2.0,9292.33,0.0,0.0,2024-02-25,Online,hyderbad,3747.95,0.0,18584.66,18584.66,0.0,Profit,2,2024,L,L
2892,Women,Running,Free RN,M,4.0,6293.58,0.0,0.0,2024-11-24,Online,bengaluru,-1195.79,0.0,25174.32,25174.32,0.0,Loss,11,2024,M,M
2893,Women,Running,React Infinity,10,1.0,6492.155000000001,0.61,0.0,2025-04-01,Retail,Delhi,780.43,0.61,6492.155000000001,6492.155000000001,0.0,Profit,4,2025,L,L
2899,Men,Basketball,LeBron 20,L,3.0,6531.36,0.0,0.0,2025-05-17,Online,Mumbai,-91.78,0.0,19594.079999999998,19594.079999999998,0.0,Loss,5,2025,L,L
2006,Men,Lifestyle,Waffle One,XL,2.0,5637.46,0.0,0.0,2023-09-26,Retail,Mumbai,-716.79,0.0,11274.92,11274.92,0.0,Loss,9,2023,XL,XL
2906,Women,Lifestyle,Waffle One,7,1.0,5637.46,0.0,0.0,2024-08-25,Retail,Delhi,-291.45,0.0,5637.46,5637.46,0.0,Loss,8,2024,S,S
2907,Men,Soccer,Premier III,L,2.0,8432.5,0.0,0.0,2024-02-25,Retail,Kolkata,3790.63,0.0,16865.0,16865.0,0.0,Profit,2,2024,L,L
2909,Women,Running,Air Zoom,XL,2.0,7617.75,0.33,0.0,2024-08-20,Retail,Pune,-186.9,0.33,15235.5,15235.5,0.0,Loss,8,2024,XL,XL
2911,Kids,Basketball,Zoom Freak,M,2.0,6435.66,0.0,0.0,2023-10-26,Retail,Mumbai,927.88,0.0,12871.32,12871.32,0.0,Profit,10,2023,M,M
2912,Kids,Running,React Infinity,XL,2.0,9839.63,0.98,393.59,2024-03-07,Online,bengaluru,1218.22,0.98,19679.26,19285.67,3.0951497751467265,Profit,3,2024,XL,XL
2916,Kids,Lifestyle,Blazer Mid,XL,2.0,6383.24,0.0,0.0,2024-08-05,Retail,Hyderabad,-1121.25,0.0,12766.48,12766.48,0.0,Loss,8,2024,XL,XL
2929,Kids,Soccer,Tiempo Legend,M,2.0,6589.95,0.0,0.0,2024-04-01,Retail,Hyderabad,157.26,0.0,13179.9,13179.9,0.0,Profit,4,2024,M,M
2931,Men,Basketball,Zoom Freak,7,2.0,6435.66,0.0,0.0,2023-08-25,Retail,Pune,3751.45,0.0,12871.32,12871.32,0.0,Profit,8,2023,S,S
2933,Women,Training,ZoomX Invincible,,2.0,9501.17,0.0,0.0,2024-04-13,Retail,hyderbad,1069.32,0.0,19002.34,19002.34,0.0,Profit,4,2024,XL,XL
2934,Women,Basketball,LeBron 20,XL,-1.0,2370.91,0.0,0.0,2024-03-14,Online,Mumbai,3043.95,0.0,-2370.91,-2370.91,0.0,Profit,3,2024,XL,XL
2935,Men,Lifestyle,Dunk Low,L,4.0,6202.99,0.0,0.0,2024-05-13,Online,Hyd,478.07,0.0,24811.96,24811.96,0.0,Profit,5,2024,L,L
2936,Women,Training,Flex Trainer,XL,1.0,6496.58,0.29,4612.57,2024-07-31,Retail,Pune,1933.1,0.29,6496.58,1884.0100000000002,0.41909391076991787,Profit,7,2024,XL,XL
2941,Men,Lifestyle,Blazer Mid,XL,-1.0,9331.65,0.0,0.0,2025-05-02,Retail,Kolkata,492.35,0.0,-9331.65,-9331.65,0.0,Profit,5,2025,XL,XL
2949,Men,Running,React Infinity,M,2.0,6492.155000000001,0.49,0.0,2025-07-05,Online,Delhi,698.79,0.49,12984.310000000001,12984.310000000001,0.0,Profit,7,2025,M,M
2952,Kids,Training,SuperRep Go,XL,2.0,5443.44,0.0,0.0,2024-09-13,Retail,Kolkata,2237.39,0.0,10886.88,10886.88,0.0,Profit,9,2024,XL,XL
2956,Kids,Training,ZoomX Invincible,,4.0,6897.68,0.86,0.0,2024-05-16,Online,Mumbai,3144.87,0.86,27590.72,27590.72,0.0,Profit,5,2024,XL,XL
2961,Kids,Soccer,Tiempo Legend,XL,2.0,6045.785,0.0,0.0,2024-11-21,Retail,Mumbai,665.39,0.0,12091.57,12091.57,0.0,Profit,11,2024,XL,XL
2964,Kids,Basketball,Zoom Freak,,-1.0,6435.66,0.0,0.0,2024-06-17,Online,Mumbai,995.42,0.0,-6435.66,-6435.66,0.0,Profit,6,2024,XL,XL
2966,Kids,Training,Flex Trainer,8,3.0,6383.55,0.0,0.0,2025-02-27,Online,Pune,333.36,0.0,19150.65,19150.65,0.0,Profit,2,2025,M,M
2981,Kids,Soccer,Premier III,M,4.0,5185.52,0.0,0.0,2025-01-10,Retail,Pune,2777.67,0.0,20742.08,20742.08,0.0,Profit,1,2025,M,M
2985,Kids,Running,Free RN,,2.0,8996.05,0.48,0.0,2024-05-16,Online,bengaluru,3419.45,0.48,17992.1,17992.1,0.0,Profit,5,2024,XL,XL
2989,Men,Soccer,Mercurial Superfly,M,1.0,6429.61,0.0,0.0,2024-02-14,Online,bengaluru,2459.52,0.0,6429.61,6429.61,0.0,Profit,2,2024,M,M
2994,Women,Lifestyle,Air Force 1,11,2.0,2932.39,0.98,0.0,2024-12-07,Retail,Mumbai,2962.69,0.98,5864.78,5864.78,0.0,Profit,12,2024,L,L
2996,Women,Basketball,Air Jordan,11,2.0,6235.71,0.0,0.0,2025-07-01,Online,Pune,3753.82,0.0,12471.42,12471.42,0.0,Profit,7,2025,L,L
2043,Women,Lifestyle,Waffle One,L,-1.0,5637.46,0.0,0.0,2024-10-13,Retail,Mumbai,497.69,0.0,-5637.46,-5637.46,0.0,Profit,10,2024,L,L
3001,Men,Soccer,Premier III,L,2.0,5773.245,0.0,0.0,2024-01-25,Online,Delhi,-362.26,0.0,11546.49,11546.49,0.0,Loss,1,2024,L,L
3002,Women,Lifestyle,Waffle One,,4.0,5637.46,0.0,0.0,2024-11-22,Retail,Delhi,3535.87,0.0,22549.84,22549.84,0.0,Profit,11,2024,XL,XL
3003,Men,Basketball,Zoom Freak,XL,2.0,6435.66,0.0,0.0,2023-08-03,Online,Bangalore,-646.26,0.0,12871.32,12871.32,0.0,Loss,8,2023,XL,XL
3005,Women,Basketball,Zoom Freak,9,2.0,6435.66,0.19,0.0,2025-04-23,Online,Delhi,3295.17,0.19,12871.32,12871.32,0.0,Profit,4,2025,M,M
3010,Women,Soccer,Tiempo Legend,,2.0,6045.785,0.0,0.0,2025-05-05,Online,Pune,-311.32,0.0,12091.57,12091.57,0.0,Loss,5,2025,XL,XL
3018,Kids,Soccer,Premier III,11,2.0,5773.245,0.0,0.0,2024-08-22,Retail,Kolkata,3364.85,0.0,11546.49,11546.49,0.0,Profit,8,2024,L,L
3019,Women,Running,Free RN,XL,2.0,9942.61,0.0,0.0,2023-12-19,Retail,Kolkata,1316.3,0.0,19885.22,19885.22,0.0,Profit,12,2023,XL,XL
3021,Women,Soccer,Mercurial Superfly,6,4.0,6569.65,0.42,0.0,2023-09-21,Retail,Hyd,3050.7,0.42,26278.6,26278.6,0.0,Profit,9,2023,S,S
3023,Kids,Basketball,Zoom Freak,,2.0,2493.28,0.0,0.0,2024-05-19,Retail,Delhi,708.93,0.0,4986.56,4986.56,0.0,Profit,5,2024,XL,XL
3030,Men,Soccer,Mercurial Superfly,,3.0,6969.28,0.58,8781.29,2023-08-08,Online,Kolkata,98.19,0.58,20907.84,12126.55,0.01118172842486696,Profit,8,2023,XL,XL
3031,Kids,Soccer,Premier III,M,4.0,8588.14,0.0,0.0,2023-10-11,Online,Kolkata,-117.68,0.0,34352.56,34352.56,0.0,Loss,10,2023,M,M
3033,Men,Training,ZoomX Invincible,M,2.0,9397.68,0.74,0.0,2024-11-21,Retail,Hyd,313.58,0.74,18795.36,18795.36,0.0,Profit,11,2024,M,M
2033,Kids,Lifestyle,Waffle One,M,2.0,5637.46,0.0,0.0,2025-01-22,Online,Kolkata,-679.74,0.0,11274.92,11274.92,0.0,Loss,1,2025,M,M
3038,Kids,Lifestyle,Air Force 1,M,0.0,4195.03,0.0,0.0,2025-01-27,Retail,Delhi,1068.18,0.0,0.0,0.0,0.0,Profit,1,2025,M,M
3039,Kids,Soccer,Premier III,10,2.0,5366.19,0.0,0.0,2024-03-17,Online,Pune,638.3,0.0,10732.38,10732.38,0.0,Profit,3,2024,L,L
3040,Women,Lifestyle,Waffle One,XL,2.0,5637.46,0.0,0.0,2024-08-12,Online,Hyd,3833.04,0.0,11274.92,11274.92,0.0,Profit,8,2024,XL,XL
3048,Women,Lifestyle,Waffle One,6,1.0,5637.46,0.23,0.0,2025-07-17,Retail,Hyderabad,517.17,0.23,5637.46,5637.46,0.0,Profit,7,2025,S,S
3049,Kids,Lifestyle,Air Force 1,11,2.0,6323.09,1.06,0.0,2025-06-22,Online,Pune,-156.45,1.06,12646.18,12646.18,0.0,Loss,6,2025,L,L
3051,Men,Training,Metcon 7,M,2.0,5890.69,0.0,0.0,2024-07-28,Online,bengaluru,166.42,0.0,11781.38,11781.38,0.0,Profit,7,2024,M,M
3053,Women,Lifestyle,Air Force 1,L,2.0,6323.09,1.0,0.0,2024-09-18,Retail,Mumbai,1283.62,1.0,12646.18,12646.18,0.0,Profit,9,2024,L,L
3057,Women,Soccer,Mercurial Superfly,,2.0,4244.95,0.0,0.0,2025-01-21,Retail,bengaluru,3693.98,0.0,8489.9,8489.9,0.0,Profit,1,2025,XL,XL
3058,Men,Soccer,Phantom GT,M,-1.0,8048.66,0.0,0.0,2023-08-01,Retail,Kolkata,3860.59,0.0,-8048.66,-8048.66,0.0,Profit,8,2023,M,M
3064,Men,Soccer,Tiempo Legend,,2.0,6041.3,0.0,0.0,2024-01-11,Retail,Pune,-1048.54,0.0,12082.6,12082.6,0.0,Loss,1,2024,XL,XL
3066,Kids,Training,ZoomX Invincible,L,2.0,6897.68,0.0,0.0,2024-03-01,Online,Mumbai,1383.01,0.0,13795.36,13795.36,0.0,Profit,3,2024,L,L
3067,Men,Lifestyle,Blazer Mid,9,4.0,6383.24,0.0,0.0,2024-03-05,Retail,hyderbad,1939.56,0.0,25532.96,25532.96,0.0,Profit,3,2024,M,M
3071,Women,Running,Air Zoom,,2.0,5081.53,0.0,0.0,2023-10-21,Online,Mumbai,-663.86,0.0,10163.06,10163.06,0.0,Loss,10,2023,XL,XL
3075,Kids,Soccer,Premier III,L,2.0,5773.245,0.91,0.0,2025-05-28,Retail,Mumbai,3594.94,0.91,11546.49,11546.49,0.0,Profit,5,2025,L,L
3079,Women,Running,React Infinity,L,2.0,6492.155000000001,0.0,0.0,2024-01-10,Retail,bengaluru,2815.43,0.0,12984.310000000001,12984.310000000001,0.0,Profit,1,2024,L,L
3090,Women,Basketball,LeBron 20,,2.0,8187.65,1.01,0.0,2023-12-11,Retail,Pune,196.88,1.01,16375.3,16375.3,0.0,Profit,12,2023,XL,XL
3094,Men,Basketball,Zoom Freak,,2.0,4731.54,0.0,0.0,2024-07-11,Online,Delhi,3485.33,0.0,9463.08,9463.08,0.0,Profit,7,2024,XL,XL
3106,Men,Running,Pegasus Turbo,,2.0,5644.675,0.0,0.0,2025-03-09,Online,bengaluru,3276.53,0.0,11289.35,11289.35,0.0,Profit,3,2025,XL,XL
3114,Women,Running,React Infinity,L,1.0,7627.37,0.0,0.0,2025-03-27,Retail,bengaluru,2752.18,0.0,7627.37,7627.37,0.0,Profit,3,2025,L,L
3119,Kids,Lifestyle,Air Force 1,,2.0,6323.09,0.0,0.0,2023-08-12,Online,hyderbad,3995.49,0.0,12646.18,12646.18,0.0,Profit,8,2023,XL,XL
3121,Kids,Training,Flex Trainer,8,2.0,2514.0,0.69,0.0,2025-03-06,Online,Kolkata,1345.4,0.69,5028.0,5028.0,0.0,Profit,3,2025,M,M
3123,Kids,Running,Free RN,L,2.0,9804.78,0.0,0.0,2025-05-26,Online,Pune,-965.5,0.0,19609.56,19609.56,0.0,Loss,5,2025,L,L
3124,Kids,Soccer,Mercurial Superfly,,2.0,7538.96,0.0,0.0,2025-03-31,Online,Delhi,2407.4,0.0,15077.92,15077.92,0.0,Profit,3,2025,XL,XL
3126,Kids,Running,React Infinity,,2.0,6492.155000000001,0.0,0.0,2024-06-10,Online,bengaluru,2772.69,0.0,12984.310000000001,12984.310000000001,0.0,Profit,6,2024,XL,XL
3127,Men,Training,ZoomX Invincible,XL,1.0,4614.33,0.47,2445.59,2024-10-07,Online,Pune,-440.44,0.47,4614.33,2168.74,-0.18009560065260324,Loss,10,2024,XL,XL
3129,Kids,Basketball,Kyrie Flytrap,XL,2.0,5732.66,0.0,0.0,2024-01-30,Retail,Delhi,3187.59,0.0,11465.32,11465.32,0.0,Profit,1,2024,XL,XL
3130,Men,Basketball,Air Jordan,XL,2.0,3015.02,0.0,0.0,2025-05-16,Online,Pune,2868.91,0.0,6030.04,6030.04,0.0,Profit,5,2025,XL,XL
3133,Kids,Soccer,Mercurial Superfly,L,2.0,6569.65,0.77,0.0,2024-04-15,Retail,Delhi,88.55,0.77,13139.3,13139.3,0.0,Profit,4,2024,L,L
3137,Kids,Soccer,Premier III,,2.0,7176.21,0.0,0.0,2025-07-08,Online,Bangalore,659.4,0.0,14352.42,14352.42,0.0,Profit,7,2025,XL,XL
3140,Women,Lifestyle,Blazer Mid,L,2.0,6383.24,1.03,0.0,2023-11-19,Retail,Bangalore,3855.21,1.03,12766.48,12766.48,0.0,Profit,11,2023,L,L
3144,Women,Running,Free RN,7,2.0,8613.08,0.0,0.0,2023-09-11,Retail,hyderbad,-1049.73,0.0,17226.16,17226.16,0.0,Loss,9,2023,S,S
3146,Women,Soccer,Premier III,XL,1.0,5773.245,0.0,0.0,2024-12-29,Retail,Hyd,1087.27,0.0,5773.245,5773.245,0.0,Profit,12,2024,XL,XL
3150,Women,Lifestyle,Dunk Low,,0.0,6202.99,0.0,0.0,2024-10-04,Online,Kolkata,-848.63,0.0,0.0,0.0,0.0,Loss,10,2024,XL,XL
3160,Women,Basketball,Air Jordan,M,2.0,6235.71,0.0,0.0,2024-07-25,Retail,Delhi,888.87,0.0,12471.42,12471.42,0.0,Profit,7,2024,M,M
3162,Men,Soccer,Tiempo Legend,XL,2.0,6045.785,0.0,0.0,2024-02-24,Online,Pune,1686.78,0.0,12091.57,12091.57,0.0,Profit,2,2024,XL,XL
3163,Women,Running,Free RN,,2.0,8204.14,0.0,0.0,2025-06-22,Retail,Delhi,961.65,0.0,16408.28,16408.28,0.0,Profit,6,2025,XL,XL
3171,Men,Lifestyle,Air Force 1,,2.0,6323.09,0.0,0.0,2023-11-16,Online,Bangalore,-445.89,0.0,12646.18,12646.18,0.0,Loss,11,2023,XL,XL
3172,Men,Training,Metcon 7,9,-1.0,5890.69,0.39,0.0,2023-11-14,Retail,Pune,1877.19,0.39,-5890.69,-5890.69,0.0,Profit,11,2023,M,M
3186,Men,Basketball,Zoom Freak,,2.0,3156.31,0.0,0.0,2024-10-16,Retail,Delhi,540.77,0.0,6312.62,6312.62,0.0,Profit,10,2024,XL,XL
3192,Kids,Running,Free RN,M,1.0,6293.58,0.0,0.0,2025-03-16,Online,Pune,2055.67,0.0,6293.58,6293.58,0.0,Profit,3,2025,M,M
3193,Kids,Running,Pegasus Turbo,11,2.0,8581.98,0.0,0.0,2025-02-24,Retail,Pune,3969.18,0.0,17163.96,17163.96,0.0,Profit,2,2025,L,L
3194,Kids,Training,SuperRep Go,M,-1.0,5280.57,0.0,0.0,2023-10-21,Online,Hyderabad,896.94,0.0,-5280.57,-5280.57,0.0,Profit,10,2023,M,M
3204,Men,Soccer,Phantom GT,,2.0,6320.59,0.18,0.0,2024-12-09,Online,Kolkata,3367.72,0.18,12641.18,12641.18,0.0,Profit,12,2024,XL,XL
2002,Women,Lifestyle,Dunk Low,7,2.0,6202.99,0.24,0.0,2024-12-11,Online,Delhi,912.61,0.24,12405.98,12405.98,0.0,Profit,12,2024,S,S
3206,Kids,Basketball,Kyrie Flytrap,L,-1.0,4694.72,0.58,-1971.78,2024-03-25,Retail,Bangalore,3611.24,0.58,-4694.72,-2722.9400000000005,-1.8314619278012758,Profit,3,2024,L,L
3209,Women,Training,Flex Trainer,M,2.0,6383.55,0.17,0.0,2024-08-20,Retail,bengaluru,1986.27,0.17,12767.1,12767.1,0.0,Profit,8,2024,M,M
3212,Kids,Soccer,Mercurial Superfly,M,4.0,7670.57,0.0,0.0,2024-10-05,Retail,Kolkata,2025.11,0.0,30682.28,30682.28,0.0,Profit,10,2024,M,M
3213,Men,Running,Air Zoom,XL,2.0,5550.99,0.0,0.0,2024-12-28,Online,Kolkata,3221.7,0.0,11101.98,11101.98,0.0,Profit,12,2024,XL,XL
3215,Men,Soccer,Phantom GT,XL,2.0,6320.59,0.0,0.0,2024-02-20,Online,Kolkata,2109.68,0.0,12641.18,12641.18,0.0,Profit,2,2024,XL,XL
3216,Men,Basketball,Air Jordan,XL,2.0,6235.71,0.0,0.0,2023-08-14,Online,Mumbai,2508.13,0.0,12471.42,12471.42,0.0,Profit,8,2023,XL,XL
3222,Kids,Basketball,Air Jordan,XL,-1.0,5300.32,0.0,0.0,2024-10-08,Online,Bangalore,2593.48,0.0,-5300.32,-5300.32,0.0,Profit,10,2024,XL,XL
3225,Kids,Basketball,Kyrie Flytrap,L,2.0,7364.6,0.0,0.0,2023-12-20,Retail,Kolkata,-458.05,0.0,14729.2,14729.2,0.0,Loss,12,2023,L,L
3232,Kids,Lifestyle,Air Force 1,,0.0,6323.09,0.0,0.0,2023-11-11,Online,Pune,2083.57,0.0,0.0,0.0,0.0,Profit,11,2023,XL,XL
3237,Kids,Basketball,LeBron 20,L,3.0,5596.52,0.0,0.0,2024-08-16,Retail,Mumbai,2926.28,0.0,16789.56,16789.56,0.0,Profit,8,2024,L,L
3240,Kids,Basketball,Zoom Freak,9,-1.0,8776.59,0.0,0.0,2024-05-27,Retail,Hyd,-1020.05,0.0,-8776.59,-8776.59,0.0,Loss,5,2024,M,M
3245,Women,Running,React Infinity,L,3.0,6492.155000000001,0.0,0.0,2024-05-19,Retail,Pune,3102.91,0.0,19476.465000000004,19476.465000000004,0.0,Profit,5,2024,L,L
3248,Women,Lifestyle,Blazer Mid,12,0.0,8234.91,0.0,0.0,2024-11-24,Online,Mumbai,2984.1,0.0,0.0,0.0,0.0,Profit,11,2024,XL,XL
3252,Men,Basketball,Zoom Freak,10,1.0,6435.66,0.0,0.0,2024-03-26,Online,Mumbai,-563.83,0.0,6435.66,6435.66,0.0,Loss,3,2024,L,L
3257,Women,Running,Free RN,7,-1.0,7056.01,0.0,0.0,2025-01-19,Retail,Kolkata,1190.89,0.0,-7056.01,-7056.01,0.0,Profit,1,2025,S,S
3260,Men,Soccer,Mercurial Superfly,7,1.0,6569.65,0.0,0.0,2025-06-28,Online,Mumbai,1287.17,0.0,6569.65,6569.65,0.0,Profit,6,2025,S,S
3262,Women,Basketball,LeBron 20,6,2.0,6431.1900000000005,0.0,0.0,2024-12-26,Retail,Bangalore,1490.29,0.0,12862.380000000001,12862.380000000001,0.0,Profit,12,2024,S,S
3268,Men,Soccer,Mercurial Superfly,L,2.0,6569.65,0.0,0.0,2025-07-11,Retail,Mumbai,1586.4,0.0,13139.3,13139.3,0.0,Profit,7,2025,L,L
3269,Women,Soccer,Mercurial Superfly,M,2.0,7268.31,0.0,0.0,2024-12-03,Online,Mumbai,-719.57,0.0,14536.62,14536.62,0.0,Loss,12,2024,M,M
3270,Kids,Lifestyle,Dunk Low,XL,2.0,6202.99,0.0,0.0,2025-06-03,Online,Pune,3619.8,0.0,12405.98,12405.98,0.0,Profit,6,2025,XL,XL
3273,Women,Soccer,Phantom GT,M,-1.0,5527.7,0.17,-4587.99,2024-02-04,Online,bengaluru,2577.59,0.17,-5527.7,-939.71,-0.5618124712564762,Profit,2,2024,M,M
3280,Kids,Training,SuperRep Go,XL,-1.0,7709.7,0.0,0.0,2024-10-12,Online,Mumbai,663.54,0.0,-7709.7,-7709.7,0.0,Profit,10,2024,XL,XL
3282,Kids,Basketball,Air Jordan,XL,4.0,6235.71,0.23,0.0,2024-05-19,Retail,Delhi,-190.17,0.23,24942.84,24942.84,0.0,Loss,5,2024,XL,XL
3284,Women,Running,Free RN,,4.0,5776.74,0.0,0.0,2024-08-20,Online,Kolkata,210.83,0.0,23106.96,23106.96,0.0,Profit,8,2024,XL,XL
3292,Women,Training,Metcon 7,M,2.0,5890.69,0.0,0.0,2025-05-23,Online,Hyd,2299.04,0.0,11781.38,11781.38,0.0,Profit,5,2025,M,M
3303,Kids,Soccer,Tiempo Legend,9,2.0,6380.5,0.0,0.0,2024-10-19,Online,Kolkata,2846.02,0.0,12761.0,12761.0,0.0,Profit,10,2024,M,M
3305,Kids,Running,Free RN,,2.0,4216.14,0.0,0.0,2024-10-17,Retail,Hyd,-687.95,0.0,8432.28,8432.28,0.0,Loss,10,2024,XL,XL
3309,Men,Lifestyle,Air Force 1,,2.0,5594.08,0.0,0.0,2023-09-12,Retail,Hyd,626.95,0.0,11188.16,11188.16,0.0,Profit,9,2023,XL,XL
3310,Women,Running,Free RN,M,4.0,6293.58,0.21,0.0,2025-04-18,Retail,Kolkata,2856.16,0.21,25174.32,25174.32,0.0,Profit,4,2025,M,M
3316,Women,Running,React Infinity,L,2.0,6492.155000000001,1.02,0.0,2024-04-25,Online,bengaluru,27.15,1.02,12984.310000000001,12984.310000000001,0.0,Profit,4,2024,L,L
3322,Men,Training,Metcon 7,M,2.0,5890.69,0.0,0.0,2023-08-28,Online,Hyderabad,864.55,0.0,11781.38,11781.38,0.0,Profit,8,2023,M,M
3323,Men,Running,Air Zoom,,-1.0,8130.74,0.07,-7561.59,2024-01-01,Retail,Delhi,-687.56,0.07,-8130.74,-569.1499999999996,0.0909279662081652,Loss,1,2024,XL,XL
3329,Kids,Training,ZoomX Invincible,M,2.0,6897.68,0.0,0.0,2024-04-28,Retail,Kolkata,530.29,0.0,13795.36,13795.36,0.0,Profit,4,2024,M,M
3334,Kids,Soccer,Tiempo Legend,L,3.0,2471.71,0.0,0.0,2023-11-14,Online,Mumbai,1190.89,0.0,7415.13,7415.13,0.0,Profit,11,2023,L,L
3335,Men,Soccer,Premier III,,2.0,3138.53,0.0,0.0,2024-08-17,Retail,Delhi,1221.99,0.0,6277.06,6277.06,0.0,Profit,8,2024,XL,XL
3337,Men,Training,ZoomX Invincible,L,4.0,6897.68,0.0,0.0,2024-10-10,Online,Delhi,2915.13,0.0,27590.72,27590.72,0.0,Profit,10,2024,L,L
3341,Kids,Training,Metcon 7,8,3.0,8387.99,0.0,0.0,2024-03-23,Online,Bangalore,1693.41,0.0,25163.97,25163.97,0.0,Profit,3,2024,M,M
2037,Women,Lifestyle,Dunk Low,12,4.0,6202.99,1.23,0.0,2025-04-11,Online,Delhi,3651.05,1.23,24811.96,24811.96,0.0,Profit,4,2025,XL,XL
3358,Men,Basketball,Kyrie Flytrap,M,2.0,5066.14,0.43,0.0,2024-08-01,Online,Hyd,2019.56,0.43,10132.28,10132.28,0.0,Profit,8,2024,M,M
3360,Women,Training,Metcon 7,M,4.0,5890.69,0.06,0.0,2024-07-31,Online,Bangalore,304.12,0.06,23562.76,23562.76,0.0,Profit,7,2024,M,M
3362,Men,Lifestyle,Air Force 1,L,2.0,6323.09,0.0,0.0,2024-03-10,Retail,Delhi,2730.12,0.0,12646.18,12646.18,0.0,Profit,3,2024,L,L
3369,Men,Running,React Infinity,L,2.0,5103.34,0.05,0.0,2024-09-27,Online,Kolkata,1247.02,0.05,10206.68,10206.68,0.0,Profit,9,2024,L,L
3379,Men,Basketball,Air Jordan,,2.0,5000.49,0.86,1400.14,2024-10-23,Retail,Pune,3000.14,0.86,10000.98,8600.84,2.1427428685702856,Profit,10,2024,XL,XL
3381,Men,Training,ZoomX Invincible,,1.0,6897.68,0.0,0.0,2024-02-23,Retail,Mumbai,2718.47,0.0,6897.68,6897.68,0.0,Profit,2,2024,XL,XL
3385,Men,Training,ZoomX Invincible,,2.0,9019.91,0.0,0.0,2025-03-21,Online,Hyd,-643.93,0.0,18039.82,18039.82,0.0,Loss,3,2025,XL,XL
3387,Men,Soccer,Phantom GT,10,4.0,6320.59,1.07,0.0,2025-06-21,Retail,bengaluru,2821.58,1.07,25282.36,25282.36,0.0,Profit,6,2025,L,L
3389,Women,Running,Air Zoom,M,3.0,9764.91,0.0,0.0,2025-04-04,Online,Mumbai,3491.49,0.0,29294.73,29294.73,0.0,Profit,4,2025,M,M
3391,Women,Soccer,Mercurial Superfly,M,2.0,6569.65,0.0,0.0,2023-11-14,Retail,hyderbad,1628.31,0.0,13139.3,13139.3,0.0,Profit,11,2023,M,M
3398,Men,Basketball,LeBron 20,XL,2.0,2082.49,0.0,0.0,2023-08-27,Retail,Kolkata,415.57,0.0,4164.98,4164.98,0.0,Profit,8,2023,XL,XL
3405,Women,Lifestyle,Dunk Low,M,0.0,9986.17,1.04,0.0,2025-01-04,Online,Kolkata,1861.72,1.04,0.0,0.0,0.0,Profit,1,2025,M,M
3413,Kids,Soccer,Phantom GT,XL,2.0,6320.59,0.0,0.0,2023-07-31,Online,hyderbad,2752.65,0.0,12641.18,12641.18,0.0,Profit,7,2023,XL,XL
3415,Kids,Basketball,Air Jordan,L,-1.0,6165.08,0.0,0.0,2024-03-06,Online,Hyderabad,-426.97,0.0,-6165.08,-6165.08,0.0,Loss,3,2024,L,L
3422,Kids,Training,Metcon 7,XL,2.0,3197.01,0.0,0.0,2024-01-18,Retail,Hyderabad,2432.76,0.0,6394.02,6394.02,0.0,Profit,1,2024,XL,XL
3436,Kids,Soccer,Mercurial Superfly,L,2.0,6569.65,0.0,0.0,2025-06-11,Retail,Bangalore,2107.65,0.0,13139.3,13139.3,0.0,Profit,6,2025,L,L
3437,Kids,Soccer,Tiempo Legend,M,2.0,6045.785,0.0,0.0,2024-05-10,Retail,Mumbai,-113.52,0.0,12091.57,12091.57,0.0,Loss,5,2024,M,M
3442,Kids,Basketball,Zoom Freak,XL,4.0,6435.66,0.0,0.0,2025-01-21,Online,Mumbai,3129.5,0.0,25742.64,25742.64,0.0,Profit,1,2025,XL,XL
3450,Men,Running,React Infinity,M,3.0,6492.155000000001,0.0,0.0,2024-01-16,Retail,bengaluru,904.82,0.0,19476.465000000004,19476.465000000004,0.0,Profit,1,2024,M,M
3465,Men,Lifestyle,Dunk Low,,2.0,6202.99,0.0,0.0,2023-11-29,Online,Delhi,1698.7,0.0,12405.98,12405.98,0.0,Profit,11,2023,XL,XL
3478,Kids,Training,Flex Trainer,9,2.0,6383.55,0.0,0.0,2025-05-17,Retail,Mumbai,2192.68,0.0,12767.1,12767.1,0.0,Profit,5,2025,M,M
3481,Women,Lifestyle,Air Force 1,XL,4.0,6323.09,0.0,0.0,2023-10-15,Online,bengaluru,2564.61,0.0,25292.36,25292.36,0.0,Profit,10,2023,XL,XL
3483,Men,Lifestyle,Air Force 1,L,4.0,4733.92,0.0,0.0,2024-12-04,Online,Kolkata,738.19,0.0,18935.68,18935.68,0.0,Profit,12,2024,L,L
3485,Women,Lifestyle,Dunk Low,,2.0,6202.99,0.0,0.0,2024-12-14,Retail,Hyderabad,1722.38,0.0,12405.98,12405.98,0.0,Profit,12,2024,XL,XL
3490,Men,Running,Free RN,L,0.0,6293.58,0.98,0.0,2025-07-08,Online,Delhi,1591.77,0.98,0.0,0.0,0.0,Profit,7,2025,L,L
3494,Kids,Running,Pegasus Turbo,,2.0,5644.675,0.87,0.0,2024-09-17,Retail,Pune,3566.05,0.87,11289.35,11289.35,0.0,Profit,9,2024,XL,XL
3495,Women,Basketball,LeBron 20,M,-1.0,6431.1900000000005,0.0,0.0,2024-08-13,Retail,Pune,3572.8,0.0,-6431.1900000000005,-6431.1900000000005,0.0,Profit,8,2024,M,M
3502,Men,Lifestyle,Blazer Mid,L,2.0,6418.29,0.89,0.0,2023-11-09,Online,Delhi,3665.75,0.89,12836.58,12836.58,0.0,Profit,11,2023,L,L
3511,Kids,Lifestyle,Blazer Mid,XL,2.0,3248.17,0.06,0.0,2025-02-15,Retail,Hyderabad,877.12,0.06,6496.34,6496.34,0.0,Profit,2,2025,XL,XL
3513,Women,Training,SuperRep Go,,0.0,6145.98,0.0,0.0,2025-04-16,Retail,hyderbad,2625.95,0.0,0.0,0.0,0.0,Profit,4,2025,XL,XL
3519,Kids,Soccer,Premier III,,2.0,5773.245,0.0,0.0,2025-05-25,Retail,Kolkata,3491.18,0.0,11546.49,11546.49,0.0,Profit,5,2025,XL,XL
3520,Women,Lifestyle,Waffle One,XL,2.0,2080.85,1.24,-998.81,2024-03-22,Retail,Delhi,-776.21,1.24,4161.7,5160.51,0.7771347904005768,Loss,3,2024,XL,XL
3523,Kids,Training,SuperRep Go,6,2.0,7061.5,1.04,0.0,2024-06-09,Retail,Kolkata,825.03,1.04,14123.0,14123.0,0.0,Profit,6,2024,S,S
3530,Women,Soccer,Mercurial Superfly,,0.0,3034.73,0.0,0.0,2023-09-25,Retail,Kolkata,2458.14,0.0,0.0,0.0,0.0,Profit,9,2023,XL,XL
3532,Kids,Running,React Infinity,XL,2.0,9244.96,0.47,0.0,2024-05-07,Online,Mumbai,-955.19,0.47,18489.92,18489.92,0.0,Loss,5,2024,XL,XL
3533,Kids,Running,Air Zoom,L,2.0,5550.99,0.0,0.0,2023-11-05,Retail,Hyd,451.71,0.0,11101.98,11101.98,0.0,Profit,11,2023,L,L
3538,Kids,Basketball,Kyrie Flytrap,L,0.0,5066.14,0.0,0.0,2024-12-12,Online,bengaluru,2787.81,0.0,0.0,0.0,0.0,Profit,12,2024,L,L
3545,Men,Training,Flex Trainer,12,3.0,6383.55,0.0,0.0,2023-08-03,Online,Delhi,2239.86,0.0,19150.65,19150.65,0.0,Profit,8,2023,XL,XL
3548,Kids,Soccer,Phantom GT,,3.0,6320.59,0.0,0.0,2024-03-12,Online,Kolkata,3366.32,0.0,18961.77,18961.77,0.0,Profit,3,2024,XL,XL
3551,Women,Training,SuperRep Go,10,2.0,9948.15,1.12,0.0,2023-08-02,Retail,Kolkata,-259.16,1.12,19896.3,19896.3,0.0,Loss,8,2023,L,L
3553,Women,Running,Air Zoom,XL,2.0,5216.27,0.0,0.0,2025-06-25,Online,Pune,-720.87,0.0,10432.54,10432.54,0.0,Loss,6,2025,XL,XL
3555,Kids,Soccer,Phantom GT,9,2.0,6320.59,0.0,0.0,2025-04-26,Retail,hyderbad,-1069.25,0.0,12641.18,12641.18,0.0,Loss,4,2025,M,M
3556,Women,Basketball,Kyrie Flytrap,M,4.0,5066.14,0.0,0.0,2025-03-13,Retail,Kolkata,-843.61,0.0,20264.56,20264.56,0.0,Loss,3,2025,M,M
3560,Women,Soccer,Phantom GT,,2.0,6320.59,0.13,0.0,2023-07-26,Retail,hyderbad,3662.98,0.13,12641.18,12641.18,0.0,Profit,7,2023,XL,XL
3562,Women,Basketball,LeBron 20,,1.0,6431.1900000000005,0.0,0.0,2024-10-31,Retail,Delhi,1904.66,0.0,6431.1900000000005,6431.1900000000005,0.0,Profit,10,2024,XL,XL
3565,Kids,Basketball,Kyrie Flytrap,XL,2.0,5066.14,0.55,0.0,2024-08-27,Online,Kolkata,3851.81,0.55,10132.28,10132.28,0.0,Profit,8,2024,XL,XL
3569,Women,Soccer,Phantom GT,12,2.0,9203.0,0.0,0.0,2024-08-12,Online,Kolkata,1797.66,0.0,18406.0,18406.0,0.0,Profit,8,2024,XL,XL
3573,Men,Basketball,Air Jordan,,1.0,6830.98,0.39,4166.9,2025-03-18,Retail,Mumbai,-175.76,0.39,6830.98,2664.08,-0.0421800379178766,Loss,3,2025,XL,XL
3574,Kids,Basketball,Air Jordan,XL,0.0,6235.71,0.96,0.0,2025-01-13,Online,Bangalore,2589.0,0.96,0.0,0.0,0.0,Profit,1,2025,XL,XL
3576,Women,Lifestyle,Waffle One,M,2.0,3533.18,0.0,0.0,2024-03-17,Retail,bengaluru,-586.23,0.0,7066.36,7066.36,0.0,Loss,3,2024,M,M
3579,Men,Basketball,LeBron 20,XL,0.0,9995.55,0.0,0.0,2025-02-03,Retail,Delhi,1962.41,0.0,0.0,0.0,0.0,Profit,2,2025,XL,XL
3582,Kids,Soccer,Mercurial Superfly,M,2.0,2117.04,0.0,0.0,2024-09-01,Online,Pune,806.52,0.0,4234.08,4234.08,0.0,Profit,9,2024,M,M
3587,Men,Training,SuperRep Go,6,2.0,5280.57,0.0,0.0,2025-07-01,Online,bengaluru,-1182.04,0.0,10561.14,10561.14,0.0,Loss,7,2025,S,S
3595,Kids,Running,Air Zoom,L,2.0,6890.68,0.0,0.0,2023-09-05,Online,Pune,3385.84,0.0,13781.36,13781.36,0.0,Profit,9,2023,L,L
3613,Men,Lifestyle,Blazer Mid,XL,4.0,6383.24,0.0,0.0,2024-08-16,Online,hyderbad,2136.73,0.0,25532.96,25532.96,0.0,Profit,8,2024,XL,XL
3614,Men,Training,ZoomX Invincible,L,2.0,6186.3,0.22,0.0,2024-09-17,Online,Pune,2169.69,0.22,12372.6,12372.6,0.0,Profit,9,2024,L,L
3619,Kids,Lifestyle,Air Force 1,L,0.0,8915.88,0.0,0.0,2025-02-07,Online,Kolkata,824.23,0.0,0.0,0.0,0.0,Profit,2,2025,L,L
3623,Men,Lifestyle,Waffle One,XL,2.0,5637.46,0.75,0.0,2025-06-24,Retail,Mumbai,1980.48,0.75,11274.92,11274.92,0.0,Profit,6,2025,XL,XL
3636,Women,Soccer,Tiempo Legend,M,2.0,7881.53,0.0,0.0,2023-12-19,Retail,Delhi,2615.73,0.0,15763.06,15763.06,0.0,Profit,12,2023,M,M
3637,Women,Running,Pegasus Turbo,6,2.0,6577.39,0.0,0.0,2025-05-29,Retail,Delhi,1945.9,0.0,13154.78,13154.78,0.0,Profit,5,2025,S,S
3644,Kids,Running,React Infinity,,2.0,5702.53,0.0,0.0,2023-10-31,Online,Delhi,1437.04,0.0,11405.06,11405.06,0.0,Profit,10,2023,XL,XL
3650,Women,Soccer,Premier III,M,2.0,5773.245,0.0,0.0,2024-01-07,Retail,Delhi,-520.93,0.0,11546.49,11546.49,0.0,Loss,1,2024,M,M
3651,Men,Training,SuperRep Go,M,2.0,8891.63,1.07,0.0,2024-12-17,Retail,Delhi,-636.77,1.07,17783.26,17783.26,0.0,Loss,12,2024,M,M
3652,Kids,Basketball,Air Jordan,XL,0.0,3176.7,0.0,0.0,2023-11-21,Online,hyderbad,3349.8,0.0,0.0,0.0,0.0,Profit,11,2023,XL,XL
2033,Women,Running,React Infinity,M,2.0,6492.155000000001,0.8,0.0,2024-07-23,Retail,Delhi,437.17,0.8,12984.310000000001,12984.310000000001,0.0,Profit,7,2024,M,M
3661,Kids,Training,ZoomX Invincible,XL,0.0,9979.38,0.0,0.0,2024-12-05,Online,Delhi,2957.86,0.0,0.0,0.0,0.0,Profit,12,2024,XL,XL
3665,Women,Lifestyle,Blazer Mid,,2.0,2958.1,0.0,0.0,2024-07-06,Retail,Hyderabad,2003.55,0.0,5916.2,5916.2,0.0,Profit,7,2024,XL,XL
3666,Women,Running,Air Zoom,,2.0,5550.99,1.18,0.0,2025-04-07,Retail,Delhi,3382.55,1.18,11101.98,11101.98,0.0,Profit,4,2025,XL,XL
3669,Women,Lifestyle,Blazer Mid,L,2.0,2287.32,0.0,0.0,2023-08-27,Online,Kolkata,3859.9,0.0,4574.64,4574.64,0.0,Profit,8,2023,L,L
3680,Men,Training,Flex Trainer,XL,3.0,8835.41,0.92,2120.5,2025-01-27,Retail,Delhi,-746.28,0.92,26506.23,24385.73,-0.3519358641829757,Loss,1,2025,XL,XL
3683,Women,Soccer,Premier III,L,2.0,5773.245,0.0,0.0,2024-05-15,Retail,Kolkata,-4.26,0.0,11546.49,11546.49,0.0,Loss,5,2024,L,L
3696,Kids,Training,ZoomX Invincible,M,2.0,6425.04,0.0,0.0,2024-11-09,Retail,Kolkata,1966.58,0.0,12850.08,12850.08,0.0,Profit,11,2024,M,M
3702,Men,Running,React Infinity,M,2.0,6492.155000000001,0.99,0.0,2025-05-20,Online,Pune,3398.32,0.99,12984.310000000001,12984.310000000001,0.0,Profit,5,2025,M,M
3705,Kids,Training,Metcon 7,6,2.0,5644.1,0.09,0.0,2024-09-11,Online,hyderbad,3860.78,0.09,11288.2,11288.2,0.0,Profit,9,2024,S,S
3711,Kids,Basketball,Zoom Freak,,2.0,6435.66,0.53,0.0,2023-12-28,Online,Delhi,1077.08,0.53,12871.32,12871.32,0.0,Profit,12,2023,XL,XL
3716,Women,Soccer,Phantom GT,,2.0,7916.1,0.9,0.0,2023-08-23,Online,Pune,2442.47,0.9,15832.2,15832.2,0.0,Profit,8,2023,XL,XL
3720,Men,Lifestyle,Blazer Mid,XL,2.0,7365.14,0.0,0.0,2025-01-24,Retail,Delhi,3369.92,0.0,14730.28,14730.28,0.0,Profit,1,2025,XL,XL
3722,Kids,Training,ZoomX Invincible,7,1.0,9335.0,0.22,7281.3,2023-11-21,Retail,Mumbai,1787.45,0.22,9335.0,2053.7,0.24548500954499883,Profit,11,2023,S,S
2016,Women,Training,Metcon 7,,2.0,5890.69,0.0,0.0,2024-03-15,Retail,Delhi,-263.86,0.0,11781.38,11781.38,0.0,Loss,3,2024,XL,XL
3740,Men,Basketball,Zoom Freak,,0.0,6435.66,0.0,0.0,2023-09-21,Retail,Pune,2909.82,0.0,0.0,0.0,0.0,Profit,9,2023,XL,XL
3742,Women,Soccer,Tiempo Legend,,2.0,6045.785,0.78,0.0,2024-06-20,Retail,Mumbai,2266.51,0.78,12091.57,12091.57,0.0,Profit,6,2024,XL,XL
3745,Men,Lifestyle,Waffle One,,2.0,5637.46,0.0,0.0,2025-03-09,Online,Kolkata,552.84,0.0,11274.92,11274.92,0.0,Profit,3,2025,XL,XL
3757,Men,Training,Metcon 7,,2.0,5890.69,0.0,0.0,2024-06-12,Retail,hyderbad,-106.88,0.0,11781.38,11781.38,0.0,Loss,6,2024,XL,XL
3758,Kids,Running,Pegasus Turbo,M,3.0,4306.67,0.0,0.0,2025-05-10,Retail,Delhi,-233.45,0.0,12920.01,12920.01,0.0,Loss,5,2025,M,M
3764,Men,Lifestyle,Blazer Mid,10,2.0,3953.6,0.0,0.0,2024-02-22,Online,Kolkata,528.86,0.0,7907.2,7907.2,0.0,Profit,2,2024,L,L
3770,Women,Running,Free RN,M,4.0,6293.58,0.36,0.0,2024-02-03,Retail,Mumbai,3784.67,0.36,25174.32,25174.32,0.0,Profit,2,2024,M,M
3775,Women,Running,Pegasus Turbo,,0.0,5644.675,0.12,0.0,2024-07-02,Online,Delhi,2865.11,0.12,0.0,0.0,0.0,Profit,7,2024,XL,XL
3776,Men,Soccer,Tiempo Legend,L,2.0,6045.785,1.22,0.0,2024-11-12,Online,Kolkata,-1034.46,1.22,12091.57,12091.57,0.0,Loss,11,2024,L,L
3778,Kids,Lifestyle,Waffle One,11,2.0,7248.3,0.0,0.0,2025-05-06,Online,Kolkata,-672.15,0.0,14496.6,14496.6,0.0,Loss,5,2025,L,L
3779,Women,Soccer,Tiempo Legend,M,2.0,6045.785,1.08,0.0,2024-12-17,Online,Kolkata,1073.22,1.08,12091.57,12091.57,0.0,Profit,12,2024,M,M
3781,Kids,Running,Pegasus Turbo,L,2.0,5644.675,0.36,0.0,2024-02-21,Retail,Mumbai,642.3,0.36,11289.35,11289.35,0.0,Profit,2,2024,L,L
3784,Kids,Training,SuperRep Go,10,0.0,5280.57,0.0,0.0,2025-07-07,Retail,Pune,2743.21,0.0,0.0,0.0,0.0,Profit,7,2025,L,L
3787,Kids,Soccer,Mercurial Superfly,,2.0,5782.29,0.0,0.0,2024-01-25,Retail,Bangalore,2660.28,0.0,11564.58,11564.58,0.0,Profit,1,2024,XL,XL
3798,Women,Training,SuperRep Go,L,2.0,3503.14,0.0,0.0,2025-05-24,Retail,Pune,957.97,0.0,7006.28,7006.28,0.0,Profit,5,2025,L,L
3803,Men,Basketball,Zoom Freak,,3.0,6435.66,1.07,0.0,2025-04-26,Online,Mumbai,-659.53,1.07,19306.98,19306.98,0.0,Loss,4,2025,XL,XL
3805,Women,Lifestyle,Dunk Low,M,0.0,6202.99,0.75,0.0,2024-08-11,Retail,bengaluru,2727.66,0.75,0.0,0.0,0.0,Profit,8,2024,M,M
3806,Women,Running,Free RN,M,2.0,6293.58,0.28,0.0,2024-01-03,Retail,bengaluru,416.94,0.28,12587.16,12587.16,0.0,Profit,1,2024,M,M
3809,Women,Running,Air Zoom,11,-1.0,5550.99,0.0,0.0,2024-02-13,Retail,Kolkata,3564.78,0.0,-5550.99,-5550.99,0.0,Profit,2,2024,L,L
3811,Women,Running,React Infinity,XL,0.0,5706.6,0.0,0.0,2024-09-28,Online,bengaluru,1397.86,0.0,0.0,0.0,0.0,Profit,9,2024,XL,XL
3814,Kids,Lifestyle,Dunk Low,M,-1.0,9668.47,0.0,0.0,2024-12-25,Retail,Kolkata,3718.8,0.0,-9668.47,-9668.47,0.0,Profit,12,2024,M,M
3828,Men,Basketball,Air Jordan,XL,2.0,3208.18,0.0,0.0,2024-12-20,Retail,Hyd,103.08,0.0,6416.36,6416.36,0.0,Profit,12,2024,XL,XL
3830,Kids,Soccer,Phantom GT,L,2.0,3664.1,0.0,0.0,2024-09-04,Retail,Hyderabad,3188.23,0.0,7328.2,7328.2,0.0,Profit,9,2024,L,L
3832,Men,Basketball,Kyrie Flytrap,L,2.0,3928.02,0.0,0.0,2025-05-28,Retail,Kolkata,3445.25,0.0,7856.04,7856.04,0.0,Profit,5,2025,L,L
3833,Men,Soccer,Phantom GT,,2.0,5312.88,0.0,0.0,2025-02-26,Retail,Kolkata,146.06,0.0,10625.76,10625.76,0.0,Profit,2,2025,XL,XL
3850,Women,Training,SuperRep Go,,1.0,5280.57,0.0,0.0,2025-06-16,Retail,Delhi,142.55,0.0,5280.57,5280.57,0.0,Profit,6,2025,XL,XL
3857,Women,Soccer,Mercurial Superfly,,2.0,8490.02,0.96,0.0,2024-09-04,Online,Kolkata,1916.37,0.96,16980.04,16980.04,0.0,Profit,9,2024,XL,XL
3862,Kids,Lifestyle,Dunk Low,L,1.0,6202.99,0.61,0.0,2023-11-17,Online,Delhi,3454.42,0.61,6202.99,6202.99,0.0,Profit,11,2023,L,L
3868,Women,Running,Free RN,11,0.0,3554.76,0.51,0.0,2025-04-27,Online,Bangalore,-593.5,0.51,0.0,0.0,0.0,Loss,4,2025,L,L
3886,Kids,Basketball,Kyrie Flytrap,8,2.0,4967.69,0.0,0.0,2025-01-16,Retail,Delhi,-136.16,0.0,9935.38,9935.38,0.0,Loss,1,2025,M,M
3888,Kids,Training,ZoomX Invincible,,2.0,3737.67,0.0,0.0,2024-12-30,Online,Mumbai,-341.37,0.0,7475.34,7475.34,0.0,Loss,12,2024,XL,XL
3890,Women,Training,ZoomX Invincible,XL,2.0,4392.78,0.0,0.0,2025-01-10,Online,Delhi,676.44,0.0,8785.56,8785.56,0.0,Profit,1,2025,XL,XL
3891,Men,Training,ZoomX Invincible,L,0.0,9453.17,0.0,0.0,2025-02-13,Retail,Bangalore,3832.99,0.0,0.0,0.0,0.0,Profit,2,2025,L,L
3893,Men,Basketball,Air Jordan,,2.0,6235.71,1.22,0.0,2025-07-13,Retail,Delhi,2784.1,1.22,12471.42,12471.42,0.0,Profit,7,2025,XL,XL
3894,Women,Soccer,Premier III,11,-1.0,5255.98,1.03,157.68,2024-06-08,Online,Pune,-1067.96,1.03,-5255.98,-5413.66,-6.772957889396245,Loss,6,2024,L,L
3904,Kids,Soccer,Phantom GT,L,2.0,7775.87,0.0,0.0,2025-05-28,Retail,Bangalore,1143.11,0.0,15551.74,15551.74,0.0,Profit,5,2025,L,L
3913,Kids,Training,ZoomX Invincible,XL,1.0,5255.09,0.0,0.0,2024-06-12,Retail,Delhi,2941.84,0.0,5255.09,5255.09,0.0,Profit,6,2024,XL,XL
3917,Women,Running,React Infinity,L,0.0,4726.33,0.0,0.0,2024-10-02,Online,Pune,3551.31,0.0,0.0,0.0,0.0,Profit,10,2024,L,L
3920,Women,Running,Air Zoom,L,2.0,5540.68,0.0,0.0,2025-06-09,Online,Pune,1252.12,0.0,11081.36,11081.36,0.0,Profit,6,2025,L,L
3924,Women,Running,Pegasus Turbo,L,2.0,4809.5,0.0,0.0,2024-03-26,Online,Kolkata,3090.67,0.0,9619.0,9619.0,0.0,Profit,3,2024,L,L
3926,Men,Lifestyle,Dunk Low,XL,2.0,4791.86,0.0,0.0,2024-11-08,Online,Mumbai,2972.86,0.0,9583.72,9583.72,0.0,Profit,11,2024,XL,XL
3933,Men,Training,SuperRep Go,XL,4.0,5280.57,0.0,0.0,2025-01-25,Online,Pune,1348.54,0.0,21122.28,21122.28,0.0,Profit,1,2025,XL,XL
3936,Kids,Lifestyle,Blazer Mid,M,3.0,3544.33,0.0,0.0,2023-07-28,Retail,Pune,1983.5,0.0,10632.99,10632.99,0.0,Profit,7,2023,M,M
3940,Kids,Running,React Infinity,11,2.0,6492.155000000001,0.0,0.0,2024-12-30,Online,Hyderabad,491.15,0.0,12984.310000000001,12984.310000000001,0.0,Profit,12,2024,L,L
3942,Men,Lifestyle,Blazer Mid,M,1.0,3283.25,0.0,0.0,2024-04-27,Online,Delhi,-938.81,0.0,3283.25,3283.25,0.0,Loss,4,2024,M,M
2002,Kids,Soccer,Phantom GT,XL,2.0,6320.59,0.0,0.0,2025-05-16,Online,Delhi,-789.24,0.0,12641.18,12641.18,0.0,Loss,5,2025,XL,XL
3946,Men,Training,SuperRep Go,,-1.0,5280.57,0.0,0.0,2024-08-23,Retail,Kolkata,3250.78,0.0,-5280.57,-5280.57,0.0,Profit,8,2024,XL,XL
2003,Women,Lifestyle,Waffle One,,2.0,7203.25,0.0,0.0,2025-03-03,Online,Kolkata,-23.38,0.0,14406.5,14406.5,0.0,Loss,3,2025,XL,XL
3958,Women,Lifestyle,Dunk Low,,4.0,8614.93,0.0,0.0,2024-03-23,Retail,Kolkata,-312.44,0.0,34459.72,34459.72,0.0,Loss,3,2024,XL,XL
2041,Kids,Soccer,Tiempo Legend,M,-1.0,4414.63,0.0,0.0,2025-02-27,Online,Bangalore,1709.18,0.0,-4414.63,-4414.63,0.0,Profit,2,2025,M,M
3969,Women,Lifestyle,Waffle One,XL,2.0,7922.86,0.0,0.0,2023-08-04,Retail,Mumbai,3753.92,0.0,15845.72,15845.72,0.0,Profit,8,2023,XL,XL
3970,Men,Soccer,Phantom GT,L,0.0,9990.8,0.0,0.0,2025-06-29,Retail,Kolkata,3351.31,0.0,0.0,0.0,0.0,Profit,6,2025,L,L
3974,Men,Lifestyle,Dunk Low,L,4.0,6202.99,0.0,0.0,2024-03-22,Retail,Delhi,97.6,0.0,24811.96,24811.96,0.0,Profit,3,2024,L,L
3978,Women,Training,Flex Trainer,,2.0,9847.52,0.0,0.0,2024-09-11,Retail,Delhi,754.75,0.0,19695.04,19695.04,0.0,Profit,9,2024,XL,XL
3981,Men,Soccer,Premier III,L,2.0,4007.55,1.02,0.0,2023-12-21,Online,Delhi,90.51,1.02,8015.1,8015.1,0.0,Profit,12,2023,L,L
2048,Kids,Basketball,Air Jordan,XL,2.0,8918.66,1.19,-3389.09,2024-02-14,Retail,Delhi,1889.03,1.19,17837.32,21226.41,-0.5573856108866981,Profit,2,2024,XL,XL
3994,Kids,Basketball,Air Jordan,,4.0,6235.71,0.0,0.0,2025-04-12,Retail,bengaluru,-97.39,0.0,24942.84,24942.84,0.0,Loss,4,2025,XL,XL
3997,Women,Lifestyle,Waffle One,M,4.0,5637.46,0.0,0.0,2024-01-24,Retail,Hyderabad,-484.62,0.0,22549.84,22549.84,0.0,Loss,1,2024,M,M
4005,Kids,Training,Metcon 7,M,2.0,3730.58,0.0,0.0,2024-11-30,Online,Delhi,1784.38,0.0,7461.16,7461.16,0.0,Profit,11,2024,M,M
4008,Men,Basketball,LeBron 20,9,3.0,7737.27,0.07,21586.98,2023-12-15,Retail,Hyderabad,180.31,0.07,23211.81,1624.8300000000017,0.008352720019196756,Profit,12,2023,M,M
4009,Kids,Basketball,Zoom Freak,M,2.0,6435.66,0.0,0.0,2024-03-30,Retail,Mumbai,-737.91,0.0,12871.32,12871.32,0.0,Loss,3,2024,M,M
4011,Women,Running,Air Zoom,M,4.0,4909.56,0.0,0.0,2025-07-04,Retail,Bangalore,2934.53,0.0,19638.24,19638.24,0.0,Profit,7,2025,M,M
2021,Kids,Lifestyle,Waffle One,XL,2.0,4561.67,0.0,0.0,2024-02-13,Online,Pune,1720.61,0.0,9123.34,9123.34,0.0,Profit,2,2024,XL,XL
4019,Women,Soccer,Tiempo Legend,10,-1.0,6045.785,0.66,0.0,2024-10-27,Online,bengaluru,171.8,0.66,-6045.785,-6045.785,0.0,Profit,10,2024,L,L
4023,Women,Running,Free RN,XL,0.0,2376.12,0.76,0.0,2024-11-28,Online,hyderbad,1267.41,0.76,0.0,0.0,0.0,Profit,11,2024,XL,XL
4025,Women,Basketball,Kyrie Flytrap,L,2.0,2265.37,0.0,0.0,2024-06-25,Retail,Kolkata,2946.35,0.0,4530.74,4530.74,0.0,Profit,6,2024,L,L
4030,Men,Lifestyle,Waffle One,L,2.0,5637.46,0.0,0.0,2025-04-28,Online,Kolkata,1865.56,0.0,11274.92,11274.92,0.0,Profit,4,2025,L,L
4037,Women,Basketball,LeBron 20,XL,2.0,6431.1900000000005,0.74,0.0,2023-08-08,Retail,Delhi,776.81,0.74,12862.380000000001,12862.380000000001,0.0,Profit,8,2023,XL,XL
4054,Women,Lifestyle,Waffle One,,2.0,3394.38,0.75,0.0,2024-05-09,Online,Mumbai,-401.5,0.75,6788.76,6788.76,0.0,Loss,5,2024,XL,XL
4057,Kids,Basketball,Kyrie Flytrap,M,2.0,5066.14,0.0,0.0,2023-09-22,Retail,Delhi,2575.38,0.0,10132.28,10132.28,0.0,Profit,9,2023,M,M
2030,Women,Soccer,Premier III,L,2.0,9804.64,0.71,0.0,2025-02-08,Online,Bangalore,635.57,0.71,19609.28,19609.28,0.0,Profit,2,2025,L,L
4074,Kids,Basketball,LeBron 20,L,2.0,8673.78,0.0,0.0,2024-03-28,Retail,Mumbai,-286.0,0.0,17347.56,17347.56,0.0,Loss,3,2024,L,L
4080,Kids,Training,Flex Trainer,,2.0,8515.92,0.0,0.0,2024-11-27,Retail,Hyderabad,255.47,0.0,17031.84,17031.84,0.0,Profit,11,2024,XL,XL
4083,Men,Training,Flex Trainer,L,2.0,8711.81,0.0,0.0,2025-03-29,Online,bengaluru,-773.05,0.0,17423.62,17423.62,0.0,Loss,3,2025,L,L
4086,Women,Running,Air Zoom,XL,3.0,4537.02,0.0,0.0,2025-04-03,Online,Pune,-195.0,0.0,13611.060000000001,13611.060000000001,0.0,Loss,4,2025,XL,XL
4087,Men,Basketball,LeBron 20,,2.0,6431.1900000000005,1.09,0.0,2024-03-13,Retail,hyderbad,3939.54,1.09,12862.380000000001,12862.380000000001,0.0,Profit,3,2024,XL,XL
4096,Women,Soccer,Phantom GT,8,2.0,6320.59,0.0,0.0,2024-04-03,Online,Pune,3865.04,0.0,12641.18,12641.18,0.0,Profit,4,2024,M,M
4100,Men,Running,Pegasus Turbo,L,2.0,3315.29,0.0,0.0,2024-03-19,Online,Delhi,1507.71,0.0,6630.58,6630.58,0.0,Profit,3,2024,L,L
4101,Men,Soccer,Mercurial Superfly,,2.0,6569.65,0.0,0.0,2024-07-10,Retail,Delhi,3064.92,0.0,13139.3,13139.3,0.0,Profit,7,2024,XL,XL
4105,Men,Running,Pegasus Turbo,XL,2.0,3489.95,0.0,0.0,2024-05-25,Retail,Bangalore,2093.87,0.0,6979.9,6979.9,0.0,Profit,5,2024,XL,XL
4108,Kids,Running,Pegasus Turbo,L,2.0,2767.55,0.19,4483.43,2023-11-25,Online,Kolkata,1059.07,0.19,5535.1,1051.67,0.23621869863028971,Profit,11,2023,L,L
4116,Women,Lifestyle,Air Force 1,9,2.0,3854.22,0.0,0.0,2024-08-19,Online,Pune,-43.41,0.0,7708.44,7708.44,0.0,Loss,8,2024,M,M
4124,Kids,Basketball,LeBron 20,M,1.0,6431.1900000000005,0.0,0.0,2023-10-16,Online,Delhi,477.62,0.0,6431.1900000000005,6431.1900000000005,0.0,Profit,10,2023,M,M
4127,Women,Running,Free RN,L,-1.0,4690.15,0.49,-2391.98,2024-12-21,Online,Kolkata,1331.92,0.49,-4690.15,-2298.1699999999996,-0.5568273982223932,Profit,12,2024,L,L
4129,Men,Running,Pegasus Turbo,,2.0,3445.62,0.24,0.0,2025-03-02,Retail,Kolkata,-29.1,0.24,6891.24,6891.24,0.0,Loss,3,2025,XL,XL
4140,Women,Running,Air Zoom,XL,-1.0,5550.99,0.0,0.0,2025-04-28,Online,Bangalore,3381.94,0.0,-5550.99,-5550.99,0.0,Profit,4,2025,XL,XL
4146,Kids,Lifestyle,Blazer Mid,10,2.0,6383.24,0.0,0.0,2023-08-27,Online,Mumbai,1217.01,0.0,12766.48,12766.48,0.0,Profit,8,2023,L,L
4156,Men,Running,React Infinity,M,2.0,7417.67,0.0,0.0,2024-05-20,Online,Mumbai,203.96,0.0,14835.34,14835.34,0.0,Profit,5,2024,M,M
4157,Men,Basketball,Zoom Freak,XL,3.0,6435.66,0.0,0.0,2025-07-09,Retail,Delhi,-699.76,0.0,19306.98,19306.98,0.0,Loss,7,2025,XL,XL
4163,Men,Training,SuperRep Go,L,2.0,5280.57,0.0,0.0,2024-09-12,Retail,Hyd,1942.39,0.0,10561.14,10561.14,0.0,Profit,9,2024,L,L
4165,Women,Training,SuperRep Go,XL,1.0,5280.57,0.26,0.0,2024-11-20,Online,Bangalore,2194.38,0.26,5280.57,5280.57,0.0,Profit,11,2024,XL,XL
4168,Kids,Running,Free RN,10,4.0,6293.58,0.0,0.0,2024-06-09,Retail,Mumbai,3282.84,0.0,25174.32,25174.32,0.0,Profit,6,2024,L,L
4171,Men,Running,React Infinity,M,2.0,9303.8,0.0,0.0,2024-12-21,Retail,Delhi,-1107.26,0.0,18607.6,18607.6,0.0,Loss,12,2024,M,M
4176,Women,Training,ZoomX Invincible,M,1.0,6897.68,0.0,0.0,2023-09-02,Retail,Hyderabad,2254.67,0.0,6897.68,6897.68,0.0,Profit,9,2023,M,M
4181,Women,Running,Free RN,M,3.0,6293.58,0.0,0.0,2025-04-05,Retail,Delhi,-564.63,0.0,18880.739999999998,18880.739999999998,0.0,Loss,4,2025,M,M
4185,Women,Training,ZoomX Invincible,6,3.0,6897.68,0.0,0.0,2025-02-01,Online,hyderbad,2562.05,0.0,20693.04,20693.04,0.0,Profit,2,2025,S,S
4186,Men,Basketball,LeBron 20,XL,2.0,9872.08,0.17,0.0,2025-03-10,Online,bengaluru,409.77,0.17,19744.16,19744.16,0.0,Profit,3,2025,XL,XL
2050,Kids,Soccer,Tiempo Legend,,0.0,6045.785,0.0,0.0,2023-09-30,Online,Pune,1182.9,0.0,0.0,0.0,0.0,Profit,9,2023,XL,XL
4191,Men,Running,React Infinity,M,2.0,6492.155000000001,0.0,0.0,2024-07-22,Online,Pune,671.86,0.0,12984.310000000001,12984.310000000001,0.0,Profit,7,2024,M,M
4195,Kids,Training,Metcon 7,L,2.0,6317.4,0.0,0.0,2023-09-23,Retail,Mumbai,-746.03,0.0,12634.8,12634.8,0.0,Loss,9,2023,L,L
4199,Women,Running,Free RN,,2.0,6293.58,0.0,0.0,2025-05-25,Online,hyderbad,-731.89,0.0,12587.16,12587.16,0.0,Loss,5,2025,XL,XL
4201,Kids,Running,React Infinity,L,3.0,6492.155000000001,0.0,0.0,2025-05-09,Retail,Kolkata,1412.54,0.0,19476.465000000004,19476.465000000004,0.0,Profit,5,2025,L,L
4204,Kids,Lifestyle,Waffle One,,2.0,7265.47,0.0,0.0,2025-04-16,Online,Pune,1589.71,0.0,14530.94,14530.94,0.0,Profit,4,2025,XL,XL
4209,Women,Running,Air Zoom,M,1.0,5550.99,0.0,0.0,2023-12-03,Online,Kolkata,3222.58,0.0,5550.99,5550.99,0.0,Profit,12,2023,M,M
4212,Men,Running,React Infinity,XL,3.0,6492.155000000001,0.9,0.0,2023-07-29,Online,Kolkata,3556.86,0.9,19476.465000000004,19476.465000000004,0.0,Profit,7,2023,XL,XL
4213,Men,Lifestyle,Dunk Low,L,0.0,6202.99,0.0,0.0,2024-05-26,Retail,Delhi,1165.42,0.0,0.0,0.0,0.0,Profit,5,2024,L,L
4217,Men,Soccer,Tiempo Legend,12,2.0,3080.23,0.22,0.0,2025-05-08,Online,Delhi,-950.13,0.22,6160.46,6160.46,0.0,Loss,5,2025,XL,XL
4223,Kids,Soccer,Mercurial Superfly,L,1.0,6569.65,0.31,0.0,2025-02-04,Retail,bengaluru,-1152.37,0.31,6569.65,6569.65,0.0,Loss,2,2025,L,L
4227,Kids,Training,Metcon 7,L,2.0,5890.69,0.0,0.0,2024-12-17,Retail,Mumbai,110.91,0.0,11781.38,11781.38,0.0,Profit,12,2024,L,L
4231,Kids,Lifestyle,Blazer Mid,XL,2.0,6652.23,1.09,-1197.4,2024-01-08,Online,Pune,-780.66,1.09,13304.46,14501.859999999999,0.6519625856021379,Loss,1,2024,XL,XL
4238,Men,Soccer,Phantom GT,XL,2.0,6489.35,0.0,0.0,2024-12-14,Online,Hyderabad,-321.44,0.0,12978.7,12978.7,0.0,Loss,12,2024,XL,XL
4239,Men,Running,Air Zoom,,2.0,5550.99,1.13,0.0,2023-09-08,Online,Kolkata,-828.71,1.13,11101.98,11101.98,0.0,Loss,9,2023,XL,XL
4241,Women,Basketball,LeBron 20,M,2.0,6431.1900000000005,0.0,0.0,2024-10-29,Retail,Delhi,3890.05,0.0,12862.380000000001,12862.380000000001,0.0,Profit,10,2024,M,M
4250,Women,Basketball,Air Jordan,11,2.0,6235.71,0.0,0.0,2025-01-16,Online,Kolkata,2005.64,0.0,12471.42,12471.42,0.0,Profit,1,2025,L,L
4251,Kids,Basketball,LeBron 20,M,1.0,6431.1900000000005,0.59,0.0,2024-01-07,Retail,Mumbai,354.2,0.59,6431.1900000000005,6431.1900000000005,0.0,Profit,1,2024,M,M
4252,Kids,Training,SuperRep Go,L,2.0,5280.57,1.0,0.0,2024-06-08,Online,hyderbad,2633.21,1.0,10561.14,10561.14,0.0,Profit,6,2024,L,L
4256,Women,Soccer,Tiempo Legend,XL,4.0,6045.785,0.52,0.0,2024-12-18,Online,Hyd,-782.15,0.52,24183.14,24183.14,0.0,Loss,12,2024,XL,XL
4258,Kids,Lifestyle,Dunk Low,L,-1.0,4189.36,0.0,0.0,2024-06-10,Retail,Pune,1276.34,0.0,-4189.36,-4189.36,0.0,Profit,6,2024,L,L
4259,Men,Lifestyle,Air Force 1,L,2.0,6323.09,0.35,0.0,2023-09-22,Retail,Bangalore,3351.25,0.35,12646.18,12646.18,0.0,Profit,9,2023,L,L
2044,Men,Training,Flex Trainer,XL,2.0,6383.55,0.0,0.0,2023-08-13,Online,Bangalore,1192.96,0.0,12767.1,12767.1,0.0,Profit,8,2023,XL,XL
4264,Kids,Lifestyle,Air Force 1,M,-1.0,6012.55,0.0,0.0,2024-01-11,Online,Delhi,783.79,0.0,-6012.55,-6012.55,0.0,Profit,1,2024,M,M
4265,Kids,Training,Flex Trainer,M,2.0,6383.55,0.0,0.0,2024-02-08,Online,Kolkata,1852.59,0.0,12767.1,12767.1,0.0,Profit,2,2024,M,M
4266,Men,Lifestyle,Waffle One,XL,3.0,5637.46,0.0,0.0,2025-07-04,Online,Mumbai,-898.11,0.0,16912.38,16912.38,0.0,Loss,7,2025,XL,XL
4276,Men,Basketball,Kyrie Flytrap,11,3.0,5066.14,0.0,0.0,2025-02-05,Retail,bengaluru,-1109.4,0.0,15198.420000000002,15198.420000000002,0.0,Loss,2,2025,L,L
4279,Men,Training,ZoomX Invincible,XL,2.0,6897.68,0.0,0.0,2025-04-30,Retail,Pune,1724.71,0.0,13795.36,13795.36,0.0,Profit,4,2025,XL,XL
4283,Men,Training,ZoomX Invincible,M,1.0,9649.36,0.95,482.47,2025-02-26,Retail,bengaluru,1158.69,0.95,9649.36,9166.890000000001,2.401579372810745,Profit,2,2025,M,M
4284,Men,Running,Air Zoom,,2.0,2953.43,0.1,0.0,2024-05-15,Retail,Delhi,2708.4,0.1,5906.86,5906.86,0.0,Profit,5,2024,XL,XL
4286,Kids,Soccer,Tiempo Legend,L,2.0,5385.78,0.0,0.0,2025-06-08,Online,Kolkata,840.25,0.0,10771.56,10771.56,0.0,Profit,6,2025,L,L
4290,Kids,Lifestyle,Blazer Mid,,-1.0,6383.24,0.0,0.0,2025-01-25,Retail,Kolkata,698.53,0.0,-6383.24,-6383.24,0.0,Profit,1,2025,XL,XL
4294,Women,Soccer,Premier III,,2.0,5238.91,0.0,0.0,2025-01-16,Online,Kolkata,1217.07,0.0,10477.82,10477.82,0.0,Profit,1,2025,XL,XL
2026,Kids,Training,ZoomX Invincible,,2.0,6897.68,0.0,0.0,2024-01-05,Online,Kolkata,-264.65,0.0,13795.36,13795.36,0.0,Loss,1,2024,XL,XL
4303,Men,Soccer,Phantom GT,L,2.0,7587.07,0.0,0.0,2024-07-21,Online,bengaluru,-1131.99,0.0,15174.14,15174.14,0.0,Loss,7,2024,L,L
4304,Kids,Basketball,Kyrie Flytrap,L,2.0,4877.24,0.0,0.0,2024-07-07,Retail,hyderbad,2692.2,0.0,9754.48,9754.48,0.0,Profit,7,2024,L,L
4311,Men,Training,SuperRep Go,L,3.0,5280.57,0.46,0.0,2023-08-16,Retail,bengaluru,2595.51,0.46,15841.71,15841.71,0.0,Profit,8,2023,L,L
4315,Women,Lifestyle,Dunk Low,M,4.0,4080.51,0.0,0.0,2024-03-04,Retail,Pune,3322.21,0.0,16322.04,16322.04,0.0,Profit,3,2024,M,M
4316,Men,Running,React Infinity,XL,2.0,6492.155000000001,0.0,0.0,2024-01-04,Retail,Hyd,405.43,0.0,12984.310000000001,12984.310000000001,0.0,Profit,1,2024,XL,XL
4317,Kids,Lifestyle,Blazer Mid,L,2.0,9623.53,0.0,0.0,2024-10-15,Retail,Bangalore,-448.89,0.0,19247.06,19247.06,0.0,Loss,10,2024,L,L
2027,Men,Training,SuperRep Go,L,0.0,5280.57,0.08,0.0,2024-11-14,Retail,Kolkata,126.1,0.08,0.0,0.0,0.0,Profit,11,2024,L,L
4320,Women,Training,SuperRep Go,11,2.0,5280.57,0.0,0.0,2024-09-27,Online,Delhi,1848.29,0.0,10561.14,10561.14,0.0,Profit,9,2024,L,L
4321,Kids,Running,Free RN,XL,2.0,6646.84,0.0,0.0,2024-01-15,Online,Mumbai,2210.19,0.0,13293.68,13293.68,0.0,Profit,1,2024,XL,XL
4326,Women,Lifestyle,Air Force 1,XL,0.0,9604.84,0.31,0.0,2024-06-06,Retail,Delhi,-143.11,0.31,0.0,0.0,0.0,Loss,6,2024,XL,XL
4331,Women,Training,SuperRep Go,,2.0,4574.53,0.04,8783.1,2025-01-03,Retail,Kolkata,3534.47,0.04,9149.06,365.9599999999991,0.4024171420113627,Profit,1,2025,XL,XL
4332,Women,Running,Pegasus Turbo,,2.0,5644.675,0.12,0.0,2024-09-24,Online,Delhi,2181.1,0.12,11289.35,11289.35,0.0,Profit,9,2024,XL,XL
4335,Kids,Running,Air Zoom,,2.0,5550.99,0.0,0.0,2025-06-30,Online,Kolkata,133.01,0.0,11101.98,11101.98,0.0,Profit,6,2025,XL,XL
2009,Kids,Running,Pegasus Turbo,L,2.0,5644.675,0.84,0.0,2023-11-22,Retail,Delhi,1671.62,0.84,11289.35,11289.35,0.0,Profit,11,2023,L,L
4344,Kids,Soccer,Premier III,8,2.0,5773.245,0.0,0.0,2024-01-18,Online,Delhi,-467.18,0.0,11546.49,11546.49,0.0,Loss,1,2024,M,M
4345,Kids,Training,Metcon 7,,2.0,2282.8,0.28,0.0,2024-11-29,Retail,Pune,459.9,0.28,4565.6,4565.6,0.0,Profit,11,2024,XL,XL
4347,Men,Lifestyle,Dunk Low,12,-1.0,9440.95,0.0,0.0,2025-03-10,Retail,Hyd,2945.56,0.0,-9440.95,-9440.95,0.0,Profit,3,2025,XL,XL
4348,Women,Lifestyle,Blazer Mid,,2.0,6383.24,0.0,0.0,2023-09-25,Online,Pune,25.44,0.0,12766.48,12766.48,0.0,Profit,9,2023,XL,XL
4350,Men,Soccer,Phantom GT,M,0.0,6320.59,0.0,0.0,2024-05-30,Online,Delhi,2515.85,0.0,0.0,0.0,0.0,Profit,5,2024,M,M
4351,Men,Soccer,Mercurial Superfly,M,0.0,6569.65,0.0,0.0,2024-08-19,Online,Pune,3303.1,0.0,0.0,0.0,0.0,Profit,8,2024,M,M
4352,Men,Running,Pegasus Turbo,9,-1.0,9332.64,0.57,-4013.04,2025-01-10,Retail,Kolkata,-238.9,0.57,-9332.64,-5319.599999999999,0.05953092917090286,Loss,1,2025,M,M
4362,Men,Training,Flex Trainer,,2.0,6383.55,0.0,0.0,2025-07-08,Online,Kolkata,-81.22,0.0,12767.1,12767.1,0.0,Loss,7,2025,XL,XL
4367,Kids,Basketball,Kyrie Flytrap,,2.0,8832.85,0.0,0.0,2024-01-08,Retail,Kolkata,-1073.49,0.0,17665.7,17665.7,0.0,Loss,1,2024,XL,XL
4378,Men,Training,Flex Trainer,,4.0,2620.09,0.0,0.0,2024-08-29,Online,Mumbai,263.16,0.0,10480.36,10480.36,0.0,Profit,8,2024,XL,XL
4383,Women,Soccer,Tiempo Legend,,2.0,6045.785,0.16,0.0,2024-12-24,Retail,Delhi,3378.64,0.16,12091.57,12091.57,0.0,Profit,12,2024,XL,XL
4384,Women,Running,Pegasus Turbo,,2.0,5644.675,0.6,0.0,2024-06-15,Online,Kolkata,3507.63,0.6,11289.35,11289.35,0.0,Profit,6,2024,XL,XL
4385,Men,Basketball,Kyrie Flytrap,L,2.0,9057.85,0.84,0.0,2023-12-13,Retail,Kolkata,1767.32,0.84,18115.7,18115.7,0.0,Profit,12,2023,L,L
4398,Men,Soccer,Premier III,XL,2.0,5773.245,0.0,0.0,2024-06-29,Online,Delhi,1971.9,0.0,11546.49,11546.49,0.0,Profit,6,2024,XL,XL
4410,Men,Basketball,Kyrie Flytrap,XL,-1.0,5967.57,1.1,596.76,2024-01-26,Retail,Mumbai,-1011.68,1.1,-5967.57,-6564.33,-1.6952878879281452,Loss,1,2024,XL,XL
4420,Women,Lifestyle,Blazer Mid,L,4.0,4904.79,1.19,-3727.64,2023-11-08,Retail,Pune,2633.82,1.19,19619.16,23346.8,-0.7065650116427553,Profit,11,2023,L,L
2007,Men,Soccer,Phantom GT,L,2.0,7652.31,0.0,0.0,2023-09-29,Retail,Bangalore,1515.95,0.0,15304.62,15304.62,0.0,Profit,9,2023,L,L
4425,Women,Running,Air Zoom,L,0.0,4034.25,0.0,0.0,2023-09-04,Retail,Delhi,363.8,0.0,0.0,0.0,0.0,Profit,9,2023,L,L
4428,Kids,Lifestyle,Waffle One,,2.0,5637.46,0.0,0.0,2025-04-04,Online,Hyderabad,2700.85,0.0,11274.92,11274.92,0.0,Profit,4,2025,XL,XL
4437,Men,Basketball,Kyrie Flytrap,XL,2.0,5066.14,0.0,0.0,2023-11-25,Retail,Hyderabad,3972.33,0.0,10132.28,10132.28,0.0,Profit,11,2023,XL,XL
4441,Kids,Soccer,Premier III,L,3.0,5773.245,0.0,0.0,2024-05-05,Retail,Kolkata,2036.39,0.0,17319.735,17319.735,0.0,Profit,5,2024,L,L
4442,Women,Soccer,Phantom GT,L,2.0,6320.59,0.0,0.0,2024-05-22,Retail,Hyd,1366.18,0.0,12641.18,12641.18,0.0,Profit,5,2024,L,L
4447,Kids,Running,Free RN,XL,0.0,6293.58,0.0,0.0,2024-12-12,Retail,Delhi,1574.91,0.0,0.0,0.0,0.0,Profit,12,2024,XL,XL
4456,Women,Basketball,Kyrie Flytrap,XL,1.0,5066.14,0.32,0.0,2023-12-16,Retail,Hyderabad,450.51,0.32,5066.14,5066.14,0.0,Profit,12,2023,XL,XL
4458,Kids,Soccer,Premier III,L,2.0,6500.77,0.22,0.0,2024-10-28,Retail,Mumbai,870.08,0.22,13001.54,13001.54,0.0,Profit,10,2024,L,L
4466,Kids,Soccer,Mercurial Superfly,,2.0,4743.16,0.0,0.0,2024-03-06,Retail,Mumbai,3480.06,0.0,9486.32,9486.32,0.0,Profit,3,2024,XL,XL
4467,Kids,Lifestyle,Air Force 1,XL,2.0,3918.43,0.0,0.0,2024-09-03,Retail,Kolkata,2820.24,0.0,7836.86,7836.86,0.0,Profit,9,2024,XL,XL
4468,Men,Soccer,Premier III,XL,3.0,6077.13,1.13,-2370.08,2023-11-27,Online,Mumbai,3173.31,1.13,18231.39,20601.47,-1.3389041720110715,Profit,11,2023,XL,XL
4472,Women,Basketball,LeBron 20,,2.0,6833.94,0.0,0.0,2024-08-12,Online,Hyd,-151.52,0.0,13667.88,13667.88,0.0,Loss,8,2024,XL,XL
4475,Kids,Soccer,Tiempo Legend,M,2.0,6045.785,1.25,0.0,2024-03-04,Online,Hyd,1487.03,1.25,12091.57,12091.57,0.0,Profit,3,2024,M,M
4479,Kids,Lifestyle,Air Force 1,,2.0,7530.67,0.0,0.0,2024-12-04,Online,Kolkata,3209.42,0.0,15061.34,15061.34,0.0,Profit,12,2024,XL,XL
4482,Kids,Soccer,Phantom GT,L,2.0,6320.59,0.0,0.0,2024-07-16,Online,Mumbai,-742.03,0.0,12641.18,12641.18,0.0,Loss,7,2024,L,L
4486,Women,Training,Flex Trainer,XL,2.0,6383.55,0.0,0.0,2023-10-15,Online,Bangalore,3338.79,0.0,12767.1,12767.1,0.0,Profit,10,2023,XL,XL
4489,Kids,Lifestyle,Blazer Mid,9,3.0,6383.24,1.15,0.0,2025-04-02,Retail,bengaluru,1890.99,1.15,19149.72,19149.72,0.0,Profit,4,2025,M,M
4493,Women,Lifestyle,Blazer Mid,XL,4.0,6383.24,0.0,0.0,2024-10-04,Online,Mumbai,321.24,0.0,25532.96,25532.96,0.0,Profit,10,2024,XL,XL
4495,Kids,Basketball,Kyrie Flytrap,XL,3.0,5066.14,0.0,0.0,2025-05-14,Online,Pune,2.97,0.0,15198.420000000002,15198.420000000002,0.0,Profit,5,2025,XL,XL
